[
    {
        "merged": "/Users/hrishikeshprateek/.gradle/daemon/7.3.3/com.aigs.junctionbox.app-merged_res-30:/mipmap-xxhdpi_ic_launcher.webp.flat",
        "source": "/Users/hrishikeshprateek/.gradle/daemon/7.3.3/com.aigs.junctionbox.app-main-32:/mipmap-xxhdpi/ic_launcher.webp"
    },
    {
        "merged": "/Users/hrishikeshprateek/.gradle/daemon/7.3.3/com.aigs.junctionbox.app-merged_res-30:/mipmap-xxxhdpi_ic_launcher.webp.flat",
        "source": "/Users/hrishikeshprateek/.gradle/daemon/7.3.3/com.aigs.junctionbox.app-main-32:/mipmap-xxxhdpi/ic_launcher.webp"
    },
    {
        "merged": "/Users/hrishikeshprateek/.gradle/daemon/7.3.3/com.aigs.junctionbox.app-merged_res-30:/layout_item_recycler_view.xml.flat",
        "source": "/Users/hrishikeshprateek/.gradle/daemon/7.3.3/com.aigs.junctionbox.app-main-32:/layout/item_recycler_view.xml"
    },
    {
        "merged": "/Users/hrishikeshprateek/.gradle/daemon/7.3.3/com.aigs.junctionbox.app-merged_res-30:/mipmap-anydpi-v26_ic_launcher_round.xml.flat",
        "source": "/Users/hrishikeshprateek/.gradle/daemon/7.3.3/com.aigs.junctionbox.app-main-32:/mipmap-anydpi-v26/ic_launcher_round.xml"
    },
    {
        "merged": "/Users/hrishikeshprateek/.gradle/daemon/7.3.3/com.aigs.junctionbox.app-merged_res-30:/drawable_curved_edittext.xml.flat",
        "source": "/Users/hrishikeshprateek/.gradle/daemon/7.3.3/com.aigs.junctionbox.app-main-32:/drawable/curved_edittext.xml"
    },
    {
        "merged": "/Users/hrishikeshprateek/.gradle/daemon/7.3.3/com.aigs.junctionbox.app-merged_res-30:/mipmap-mdpi_ic_launcher.webp.flat",
        "source": "/Users/hrishikeshprateek/.gradle/daemon/7.3.3/com.aigs.junctionbox.app-main-32:/mipmap-mdpi/ic_launcher.webp"
    },
    {
        "merged": "/Users/hrishikeshprateek/.gradle/daemon/7.3.3/com.aigs.junctionbox.app-merged_res-30:/mipmap-xhdpi_ic_launcher_round.webp.flat",
        "source": "/Users/hrishikeshprateek/.gradle/daemon/7.3.3/com.aigs.junctionbox.app-main-32:/mipmap-xhdpi/ic_launcher_round.webp"
    },
    {
        "merged": "/Users/hrishikeshprateek/.gradle/daemon/7.3.3/com.aigs.junctionbox.app-merged_res-30:/mipmap-anydpi-v26_ic_launcher.xml.flat",
        "source": "/Users/hrishikeshprateek/.gradle/daemon/7.3.3/com.aigs.junctionbox.app-main-32:/mipmap-anydpi-v26/ic_launcher.xml"
    },
    {
        "merged": "/Users/hrishikeshprateek/.gradle/daemon/7.3.3/com.aigs.junctionbox.app-merged_res-30:/drawable_ic_launcher_background.xml.flat",
        "source": "/Users/hrishikeshprateek/.gradle/daemon/7.3.3/com.aigs.junctionbox.app-main-32:/drawable/ic_launcher_background.xml"
    },
    {
        "merged": "/Users/hrishikeshprateek/.gradle/daemon/7.3.3/com.aigs.junctionbox.app-merged_res-30:/drawable_ic_baseline_arrow_forward_ios_24.xml.flat",
        "source": "/Users/hrishikeshprateek/.gradle/daemon/7.3.3/com.aigs.junctionbox.app-main-32:/drawable/ic_baseline_arrow_forward_ios_24.xml"
    },
    {
        "merged": "/Users/hrishikeshprateek/.gradle/daemon/7.3.3/com.aigs.junctionbox.app-merged_res-30:/drawable_button_circle.xml.flat",
        "source": "/Users/hrishikeshprateek/.gradle/daemon/7.3.3/com.aigs.junctionbox.app-main-32:/drawable/button_circle.xml"
    },
    {
        "merged": "/Users/hrishikeshprateek/.gradle/daemon/7.3.3/com.aigs.junctionbox.app-merged_res-30:/drawable-anydpi-v24_ic_launcher_foreground.xml.flat",
        "source": "/Users/hrishikeshprateek/.gradle/daemon/7.3.3/com.aigs.junctionbox.app-pngs-25:/drawable-anydpi-v24/ic_launcher_foreground.xml"
    },
    {
        "merged": "/Users/hrishikeshprateek/.gradle/daemon/7.3.3/com.aigs.junctionbox.app-merged_res-30:/mipmap-hdpi_ic_launcher.webp.flat",
        "source": "/Users/hrishikeshprateek/.gradle/daemon/7.3.3/com.aigs.junctionbox.app-main-32:/mipmap-hdpi/ic_launcher.webp"
    },
    {
        "merged": "/Users/hrishikeshprateek/.gradle/daemon/7.3.3/com.aigs.junctionbox.app-merged_res-30:/layout_activity_splash_screen.xml.flat",
        "source": "/Users/hrishikeshprateek/.gradle/daemon/7.3.3/com.aigs.junctionbox.app-main-32:/layout/activity_splash_screen.xml"
    },
    {
        "merged": "/Users/hrishikeshprateek/.gradle/daemon/7.3.3/com.aigs.junctionbox.app-merged_res-30:/mipmap-mdpi_ic_launcher_round.webp.flat",
        "source": "/Users/hrishikeshprateek/.gradle/daemon/7.3.3/com.aigs.junctionbox.app-main-32:/mipmap-mdpi/ic_launcher_round.webp"
    },
    {
        "merged": "/Users/hrishikeshprateek/.gradle/daemon/7.3.3/com.aigs.junctionbox.app-merged_res-30:/mipmap-hdpi_ic_launcher_round.webp.flat",
        "source": "/Users/hrishikeshprateek/.gradle/daemon/7.3.3/com.aigs.junctionbox.app-main-32:/mipmap-hdpi/ic_launcher_round.webp"
    },
    {
        "merged": "/Users/hrishikeshprateek/.gradle/daemon/7.3.3/com.aigs.junctionbox.app-merged_res-30:/xml_backup_rules.xml.flat",
        "source": "/Users/hrishikeshprateek/.gradle/daemon/7.3.3/com.aigs.junctionbox.app-main-32:/xml/backup_rules.xml"
    },
    {
        "merged": "/Users/hrishikeshprateek/.gradle/daemon/7.3.3/com.aigs.junctionbox.app-merged_res-30:/mipmap-xhdpi_ic_launcher.webp.flat",
        "source": "/Users/hrishikeshprateek/.gradle/daemon/7.3.3/com.aigs.junctionbox.app-main-32:/mipmap-xhdpi/ic_launcher.webp"
    },
    {
        "merged": "/Users/hrishikeshprateek/.gradle/daemon/7.3.3/com.aigs.junctionbox.app-merged_res-30:/drawable_ic_baseline_power_settings_new_24.xml.flat",
        "source": "/Users/hrishikeshprateek/.gradle/daemon/7.3.3/com.aigs.junctionbox.app-main-32:/drawable/ic_baseline_power_settings_new_24.xml"
    },
    {
        "merged": "/Users/hrishikeshprateek/.gradle/daemon/7.3.3/com.aigs.junctionbox.app-merged_res-30:/layout_activity_main.xml.flat",
        "source": "/Users/hrishikeshprateek/.gradle/daemon/7.3.3/com.aigs.junctionbox.app-main-32:/layout/activity_main.xml"
    },
    {
        "merged": "/Users/hrishikeshprateek/.gradle/daemon/7.3.3/com.aigs.junctionbox.app-merged_res-30:/mipmap-xxhdpi_ic_launcher_round.webp.flat",
        "source": "/Users/hrishikeshprateek/.gradle/daemon/7.3.3/com.aigs.junctionbox.app-main-32:/mipmap-xxhdpi/ic_launcher_round.webp"
    },
    {
        "merged": "/Users/hrishikeshprateek/.gradle/daemon/7.3.3/com.aigs.junctionbox.app-merged_res-30:/layout_activity_login.xml.flat",
        "source": "/Users/hrishikeshprateek/.gradle/daemon/7.3.3/com.aigs.junctionbox.app-main-32:/layout/activity_login.xml"
    },
    {
        "merged": "/Users/hrishikeshprateek/.gradle/daemon/7.3.3/com.aigs.junctionbox.app-merged_res-30:/mipmap-xxxhdpi_ic_launcher_round.webp.flat",
        "source": "/Users/hrishikeshprateek/.gradle/daemon/7.3.3/com.aigs.junctionbox.app-main-32:/mipmap-xxxhdpi/ic_launcher_round.webp"
    },
    {
        "merged": "com.aigs.junctionbox.app-merged_res-30:/layout_activity_main.xml.flat",
        "source": "com.aigs.junctionbox.app-main-32:/layout/activity_main.xml"
    },
    {
        "merged": "/Users/hrishikeshprateek/.gradle/daemon/7.3.3/com.aigs.junctionbox.app-merged_res-30:/xml_data_extraction_rules.xml.flat",
        "source": "/Users/hrishikeshprateek/.gradle/daemon/7.3.3/com.aigs.junctionbox.app-main-32:/xml/data_extraction_rules.xml"
    }
]