{
    "logs": [
        {
            "outputFile": "com.aigs.junctionbox.app-mergeDebugResources-28:/values-nl/values-nl.xml",
            "map": [
                {
                    "source": "/Users/hrishikeshprateek/.gradle/caches/transforms-3/49c827b69fa8a7f7c64c8edf0f9f028b/transformed/play-services-basement-18.0.0/res/values-nl/values.xml",
                    "from": {
                        "startLines": "4",
                        "startColumns": "0",
                        "startOffsets": "195",
                        "endColumns": "138",
                        "endOffsets": "333"
                    },
                    "to": {
                        "startLines": "45",
                        "startColumns": "4",
                        "startOffsets": "4398",
                        "endColumns": "142",
                        "endOffsets": "4536"
                    }
                },
                {
                    "source": "/Users/hrishikeshprateek/.gradle/caches/transforms-3/7dd72130baac917b63f1fe236247c70e/transformed/browser-1.4.0/res/values-nl/values-nl.xml",
                    "from": {
                        "startLines": "2,3,4,5",
                        "startColumns": "4,4,4,4",
                        "startOffsets": "55,158,259,370",
                        "endColumns": "102,100,110,98",
                        "endOffsets": "153,254,365,464"
                    },
                    "to": {
                        "startLines": "55,58,59,60",
                        "startColumns": "4,4,4,4",
                        "startOffsets": "5675,5935,6036,6147",
                        "endColumns": "102,100,110,98",
                        "endOffsets": "5773,6031,6142,6241"
                    }
                },
                {
                    "source": "/Users/hrishikeshprateek/.gradle/caches/transforms-3/2e555aa60c2973d1a450e632503526ba/transformed/play-services-base-18.0.1/res/values-nl/values.xml",
                    "from": {
                        "startLines": "4,5,6,7,8,9,10,11,12,13,14,15,16,17,18,19,20",
                        "startColumns": "0,0,0,0,0,0,0,0,0,0,0,0,0,0,0,0,0",
                        "startOffsets": "193,297,448,572,679,842,965,1084,1186,1360,1462,1627,1749,1908,2086,2150,2209",
                        "endColumns": "103,150,123,106,162,122,118,101,173,101,164,121,158,177,63,58,74",
                        "endOffsets": "296,447,571,678,841,964,1083,1185,1359,1461,1626,1748,1907,2085,2149,2208,2283"
                    },
                    "to": {
                        "startLines": "37,38,39,40,41,42,43,44,46,47,48,49,50,51,52,53,54",
                        "startColumns": "4,4,4,4,4,4,4,4,4,4,4,4,4,4,4,4,4",
                        "startOffsets": "3373,3481,3636,3764,3875,4042,4169,4292,4541,4719,4825,4994,5120,5283,5465,5533,5596",
                        "endColumns": "107,154,127,110,166,126,122,105,177,105,168,125,162,181,67,62,78",
                        "endOffsets": "3476,3631,3759,3870,4037,4164,4287,4393,4714,4820,4989,5115,5278,5460,5528,5591,5670"
                    }
                },
                {
                    "source": "/Users/hrishikeshprateek/.gradle/caches/transforms-3/c395e7e1015ee83acecf070a1d54b71a/transformed/core-1.7.0/res/values-nl/values-nl.xml",
                    "from": {
                        "startLines": "2",
                        "startColumns": "4",
                        "startOffsets": "55",
                        "endColumns": "100",
                        "endOffsets": "151"
                    },
                    "to": {
                        "startLines": "110",
                        "startColumns": "4",
                        "startOffsets": "10159",
                        "endColumns": "100",
                        "endOffsets": "10255"
                    }
                },
                {
                    "source": "/Users/hrishikeshprateek/.gradle/caches/transforms-3/12a739d4a1f4d0799a8dabc3595aa692/transformed/material-1.6.1/res/values-nl/values-nl.xml",
                    "from": {
                        "startLines": "2,6,7,8,9,10,11,12,13,14,15,16,17,18,19,20,21,22,23,24,25,26,27,28,29,30,31,32,33,34,35,36,37,38,39,40,41,42,43,44,45,46,47,48,49,50,51,52,53,54,55,56,57,58,59",
                        "startColumns": "4,4,4,4,4,4,4,4,4,4,4,4,4,4,4,4,4,4,4,4,4,4,4,4,4,4,4,4,4,4,4,4,4,4,4,4,4,4,4,4,4,4,4,4,4,4,4,4,4,4,4,4,4,4,4",
                        "startOffsets": "55,224,301,398,520,601,665,758,837,900,993,1059,1117,1190,1254,1310,1432,1489,1551,1607,1683,1817,1902,1988,2096,2177,2256,2346,2413,2479,2557,2640,2728,2803,2882,2955,3026,3120,3198,3287,3377,3451,3532,3619,3672,3739,3820,3904,3966,4030,4093,4201,4302,4404,4507",
                        "endLines": "5,6,7,8,9,10,11,12,13,14,15,16,17,18,19,20,21,22,23,24,25,26,27,28,29,30,31,32,33,34,35,36,37,38,39,40,41,42,43,44,45,46,47,48,49,50,51,52,53,54,55,56,57,58,59",
                        "endColumns": "12,76,96,121,80,63,92,78,62,92,65,57,72,63,55,121,56,61,55,75,133,84,85,107,80,78,89,66,65,77,82,87,74,78,72,70,93,77,88,89,73,80,86,52,66,80,83,61,63,62,107,100,101,102,80",
                        "endOffsets": "219,296,393,515,596,660,753,832,895,988,1054,1112,1185,1249,1305,1427,1484,1546,1602,1678,1812,1897,1983,2091,2172,2251,2341,2408,2474,2552,2635,2723,2798,2877,2950,3021,3115,3193,3282,3372,3446,3527,3614,3667,3734,3815,3899,3961,4025,4088,4196,4297,4399,4502,4583"
                    },
                    "to": {
                        "startLines": "2,33,34,35,36,56,57,61,62,63,64,65,66,67,68,69,70,71,72,73,74,75,76,77,78,79,80,81,82,83,84,85,86,87,88,89,90,91,92,93,94,95,96,97,98,99,100,101,102,103,104,105,106,107,108",
                        "startColumns": "4,4,4,4,4,4,4,4,4,4,4,4,4,4,4,4,4,4,4,4,4,4,4,4,4,4,4,4,4,4,4,4,4,4,4,4,4,4,4,4,4,4,4,4,4,4,4,4,4,4,4,4,4,4,4",
                        "startOffsets": "105,2996,3073,3170,3292,5778,5842,6246,6325,6388,6481,6547,6605,6678,6742,6798,6920,6977,7039,7095,7171,7305,7390,7476,7584,7665,7744,7834,7901,7967,8045,8128,8216,8291,8370,8443,8514,8608,8686,8775,8865,8939,9020,9107,9160,9227,9308,9392,9454,9518,9581,9689,9790,9892,9995",
                        "endLines": "5,33,34,35,36,56,57,61,62,63,64,65,66,67,68,69,70,71,72,73,74,75,76,77,78,79,80,81,82,83,84,85,86,87,88,89,90,91,92,93,94,95,96,97,98,99,100,101,102,103,104,105,106,107,108",
                        "endColumns": "12,76,96,121,80,63,92,78,62,92,65,57,72,63,55,121,56,61,55,75,133,84,85,107,80,78,89,66,65,77,82,87,74,78,72,70,93,77,88,89,73,80,86,52,66,80,83,61,63,62,107,100,101,102,80",
                        "endOffsets": "269,3068,3165,3287,3368,5837,5930,6320,6383,6476,6542,6600,6673,6737,6793,6915,6972,7034,7090,7166,7300,7385,7471,7579,7660,7739,7829,7896,7962,8040,8123,8211,8286,8365,8438,8509,8603,8681,8770,8860,8934,9015,9102,9155,9222,9303,9387,9449,9513,9576,9684,9785,9887,9990,10071"
                    }
                },
                {
                    "source": "/Users/hrishikeshprateek/.gradle/caches/transforms-3/394bb91a0dbf29de2a48cd3ef978c15e/transformed/appcompat-1.4.2/res/values-nl/values-nl.xml",
                    "from": {
                        "startLines": "2,3,4,5,6,7,8,9,10,11,12,13,14,15,16,17,18,19,20,21,22,23,24,25,26,27,28,29",
                        "startColumns": "4,4,4,4,4,4,4,4,4,4,4,4,4,4,4,4,4,4,4,4,4,4,4,4,4,4,4,4",
                        "startOffsets": "105,223,328,435,520,624,744,822,898,990,1084,1179,1273,1373,1467,1563,1658,1750,1842,1924,2035,2138,2237,2352,2466,2569,2724,2827",
                        "endColumns": "117,104,106,84,103,119,77,75,91,93,94,93,99,93,95,94,91,91,81,110,102,98,114,113,102,154,102,82",
                        "endOffsets": "218,323,430,515,619,739,817,893,985,1079,1174,1268,1368,1462,1558,1653,1745,1837,1919,2030,2133,2232,2347,2461,2564,2719,2822,2905"
                    },
                    "to": {
                        "startLines": "6,7,8,9,10,11,12,13,14,15,16,17,18,19,20,21,22,23,24,25,26,27,28,29,30,31,32,109",
                        "startColumns": "4,4,4,4,4,4,4,4,4,4,4,4,4,4,4,4,4,4,4,4,4,4,4,4,4,4,4,4",
                        "startOffsets": "274,392,497,604,689,793,913,991,1067,1159,1253,1348,1442,1542,1636,1732,1827,1919,2011,2093,2204,2307,2406,2521,2635,2738,2893,10076",
                        "endColumns": "117,104,106,84,103,119,77,75,91,93,94,93,99,93,95,94,91,91,81,110,102,98,114,113,102,154,102,82",
                        "endOffsets": "387,492,599,684,788,908,986,1062,1154,1248,1343,1437,1537,1631,1727,1822,1914,2006,2088,2199,2302,2401,2516,2630,2733,2888,2991,10154"
                    }
                }
            ]
        }
    ]
}