{
    "logs": [
        {
            "outputFile": "com.aigs.junctionbox.app-mergeDebugResources-28:/values-ta/values-ta.xml",
            "map": [
                {
                    "source": "/Users/hrishikeshprateek/.gradle/caches/transforms-3/394bb91a0dbf29de2a48cd3ef978c15e/transformed/appcompat-1.4.2/res/values-ta/values-ta.xml",
                    "from": {
                        "startLines": "2,3,4,5,6,7,8,9,10,11,12,13,14,15,16,17,18,19,20,21,22,23,24,25,26,27,28,29",
                        "startColumns": "4,4,4,4,4,4,4,4,4,4,4,4,4,4,4,4,4,4,4,4,4,4,4,4,4,4,4,4",
                        "startOffsets": "105,218,320,435,524,635,756,835,911,1009,1109,1204,1298,1405,1505,1607,1701,1799,1897,1978,2086,2189,2288,2404,2507,2612,2769,2871",
                        "endColumns": "112,101,114,88,110,120,78,75,97,99,94,93,106,99,101,93,97,97,80,107,102,98,115,102,104,156,101,81",
                        "endOffsets": "213,315,430,519,630,751,830,906,1004,1104,1199,1293,1400,1500,1602,1696,1794,1892,1973,2081,2184,2283,2399,2502,2607,2764,2866,2948"
                    },
                    "to": {
                        "startLines": "6,7,8,9,10,11,12,13,14,15,16,17,18,19,20,21,22,23,24,25,26,27,28,29,30,31,32,109",
                        "startColumns": "4,4,4,4,4,4,4,4,4,4,4,4,4,4,4,4,4,4,4,4,4,4,4,4,4,4,4,4",
                        "startOffsets": "277,390,492,607,696,807,928,1007,1083,1181,1281,1376,1470,1577,1677,1779,1873,1971,2069,2150,2258,2361,2460,2576,2679,2784,2941,10193",
                        "endColumns": "112,101,114,88,110,120,78,75,97,99,94,93,106,99,101,93,97,97,80,107,102,98,115,102,104,156,101,81",
                        "endOffsets": "385,487,602,691,802,923,1002,1078,1176,1276,1371,1465,1572,1672,1774,1868,1966,2064,2145,2253,2356,2455,2571,2674,2779,2936,3038,10270"
                    }
                },
                {
                    "source": "/Users/hrishikeshprateek/.gradle/caches/transforms-3/c395e7e1015ee83acecf070a1d54b71a/transformed/core-1.7.0/res/values-ta/values-ta.xml",
                    "from": {
                        "startLines": "2",
                        "startColumns": "4",
                        "startOffsets": "55",
                        "endColumns": "100",
                        "endOffsets": "151"
                    },
                    "to": {
                        "startLines": "110",
                        "startColumns": "4",
                        "startOffsets": "10275",
                        "endColumns": "100",
                        "endOffsets": "10371"
                    }
                },
                {
                    "source": "/Users/hrishikeshprateek/.gradle/caches/transforms-3/2e555aa60c2973d1a450e632503526ba/transformed/play-services-base-18.0.1/res/values-ta/values.xml",
                    "from": {
                        "startLines": "4,5,6,7,8,9,10,11,12,13,14,15,16,17,18,19,20",
                        "startColumns": "0,0,0,0,0,0,0,0,0,0,0,0,0,0,0,0,0",
                        "startOffsets": "193,294,442,565,667,815,939,1048,1145,1321,1424,1573,1704,1854,2006,2064,2123",
                        "endColumns": "100,147,122,101,147,123,108,96,175,102,148,130,149,151,57,58,76",
                        "endOffsets": "293,441,564,666,814,938,1047,1144,1320,1423,1572,1703,1853,2005,2063,2122,2199"
                    },
                    "to": {
                        "startLines": "37,38,39,40,41,42,43,44,46,47,48,49,50,51,52,53,54",
                        "startColumns": "4,4,4,4,4,4,4,4,4,4,4,4,4,4,4,4,4",
                        "startOffsets": "3438,3543,3695,3822,3928,4080,4208,4321,4583,4763,4870,5023,5158,5312,5468,5530,5593",
                        "endColumns": "104,151,126,105,151,127,112,100,179,106,152,134,153,155,61,62,80",
                        "endOffsets": "3538,3690,3817,3923,4075,4203,4316,4417,4758,4865,5018,5153,5307,5463,5525,5588,5669"
                    }
                },
                {
                    "source": "/Users/hrishikeshprateek/.gradle/caches/transforms-3/49c827b69fa8a7f7c64c8edf0f9f028b/transformed/play-services-basement-18.0.0/res/values-ta/values.xml",
                    "from": {
                        "startLines": "4",
                        "startColumns": "0",
                        "startOffsets": "195",
                        "endColumns": "156",
                        "endOffsets": "351"
                    },
                    "to": {
                        "startLines": "45",
                        "startColumns": "4",
                        "startOffsets": "4422",
                        "endColumns": "160",
                        "endOffsets": "4578"
                    }
                },
                {
                    "source": "/Users/hrishikeshprateek/.gradle/caches/transforms-3/12a739d4a1f4d0799a8dabc3595aa692/transformed/material-1.6.1/res/values-ta/values-ta.xml",
                    "from": {
                        "startLines": "2,6,7,8,9,10,11,12,13,14,15,16,17,18,19,20,21,22,23,24,25,26,27,28,29,30,31,32,33,34,35,36,37,38,39,40,41,42,43,44,45,46,47,48,49,50,51,52,53,54,55,56,57,58,59",
                        "startColumns": "4,4,4,4,4,4,4,4,4,4,4,4,4,4,4,4,4,4,4,4,4,4,4,4,4,4,4,4,4,4,4,4,4,4,4,4,4,4,4,4,4,4,4,4,4,4,4,4,4,4,4,4,4,4,4",
                        "startOffsets": "55,227,311,420,538,622,686,794,862,923,1031,1117,1175,1259,1326,1380,1503,1565,1628,1682,1770,1898,1984,2066,2168,2248,2329,2418,2485,2551,2636,2724,2816,2885,2962,3042,3110,3209,3292,3384,3478,3552,3638,3732,3782,3848,3933,4020,4083,4148,4211,4319,4422,4520,4625",
                        "endLines": "5,6,7,8,9,10,11,12,13,14,15,16,17,18,19,20,21,22,23,24,25,26,27,28,29,30,31,32,33,34,35,36,37,38,39,40,41,42,43,44,45,46,47,48,49,50,51,52,53,54,55,56,57,58,59",
                        "endColumns": "12,83,108,117,83,63,107,67,60,107,85,57,83,66,53,122,61,62,53,87,127,85,81,101,79,80,88,66,65,84,87,91,68,76,79,67,98,82,91,93,73,85,93,49,65,84,86,62,64,62,107,102,97,104,85",
                        "endOffsets": "222,306,415,533,617,681,789,857,918,1026,1112,1170,1254,1321,1375,1498,1560,1623,1677,1765,1893,1979,2061,2163,2243,2324,2413,2480,2546,2631,2719,2811,2880,2957,3037,3105,3204,3287,3379,3473,3547,3633,3727,3777,3843,3928,4015,4078,4143,4206,4314,4417,4515,4620,4706"
                    },
                    "to": {
                        "startLines": "2,33,34,35,36,56,57,61,62,63,64,65,66,67,68,69,70,71,72,73,74,75,76,77,78,79,80,81,82,83,84,85,86,87,88,89,90,91,92,93,94,95,96,97,98,99,100,101,102,103,104,105,106,107,108",
                        "startColumns": "4,4,4,4,4,4,4,4,4,4,4,4,4,4,4,4,4,4,4,4,4,4,4,4,4,4,4,4,4,4,4,4,4,4,4,4,4,4,4,4,4,4,4,4,4,4,4,4,4,4,4,4,4,4,4",
                        "startOffsets": "105,3043,3127,3236,3354,5791,5855,6276,6344,6405,6513,6599,6657,6741,6808,6862,6985,7047,7110,7164,7252,7380,7466,7548,7650,7730,7811,7900,7967,8033,8118,8206,8298,8367,8444,8524,8592,8691,8774,8866,8960,9034,9120,9214,9264,9330,9415,9502,9565,9630,9693,9801,9904,10002,10107",
                        "endLines": "5,33,34,35,36,56,57,61,62,63,64,65,66,67,68,69,70,71,72,73,74,75,76,77,78,79,80,81,82,83,84,85,86,87,88,89,90,91,92,93,94,95,96,97,98,99,100,101,102,103,104,105,106,107,108",
                        "endColumns": "12,83,108,117,83,63,107,67,60,107,85,57,83,66,53,122,61,62,53,87,127,85,81,101,79,80,88,66,65,84,87,91,68,76,79,67,98,82,91,93,73,85,93,49,65,84,86,62,64,62,107,102,97,104,85",
                        "endOffsets": "272,3122,3231,3349,3433,5850,5958,6339,6400,6508,6594,6652,6736,6803,6857,6980,7042,7105,7159,7247,7375,7461,7543,7645,7725,7806,7895,7962,8028,8113,8201,8293,8362,8439,8519,8587,8686,8769,8861,8955,9029,9115,9209,9259,9325,9410,9497,9560,9625,9688,9796,9899,9997,10102,10188"
                    }
                },
                {
                    "source": "/Users/hrishikeshprateek/.gradle/caches/transforms-3/7dd72130baac917b63f1fe236247c70e/transformed/browser-1.4.0/res/values-ta/values-ta.xml",
                    "from": {
                        "startLines": "2,3,4,5",
                        "startColumns": "4,4,4,4",
                        "startOffsets": "55,172,274,381",
                        "endColumns": "116,101,106,103",
                        "endOffsets": "167,269,376,480"
                    },
                    "to": {
                        "startLines": "55,58,59,60",
                        "startColumns": "4,4,4,4",
                        "startOffsets": "5674,5963,6065,6172",
                        "endColumns": "116,101,106,103",
                        "endOffsets": "5786,6060,6167,6271"
                    }
                }
            ]
        }
    ]
}