{
    "logs": [
        {
            "outputFile": "com.aigs.junctionbox.app-mergeDebugResources-28:/values-sl/values-sl.xml",
            "map": [
                {
                    "source": "/Users/hrishikeshprateek/.gradle/caches/transforms-3/49c827b69fa8a7f7c64c8edf0f9f028b/transformed/play-services-basement-18.0.0/res/values-sl/values.xml",
                    "from": {
                        "startLines": "4",
                        "startColumns": "0",
                        "startOffsets": "195",
                        "endColumns": "135",
                        "endOffsets": "330"
                    },
                    "to": {
                        "startLines": "47",
                        "startColumns": "4",
                        "startOffsets": "4518",
                        "endColumns": "139",
                        "endOffsets": "4653"
                    }
                },
                {
                    "source": "/Users/hrishikeshprateek/.gradle/caches/transforms-3/394bb91a0dbf29de2a48cd3ef978c15e/transformed/appcompat-1.4.2/res/values-sl/values-sl.xml",
                    "from": {
                        "startLines": "2,3,4,5,6,7,8,9,10,11,12,13,14,15,16,17,18,19,20,21,22,23,24,25,26,27,28,29",
                        "startColumns": "4,4,4,4,4,4,4,4,4,4,4,4,4,4,4,4,4,4,4,4,4,4,4,4,4,4,4,4",
                        "startOffsets": "105,217,319,427,514,617,736,817,895,987,1081,1176,1270,1365,1459,1555,1655,1747,1839,1923,2031,2139,2239,2352,2460,2565,2745,2845",
                        "endColumns": "111,101,107,86,102,118,80,77,91,93,94,93,94,93,95,99,91,91,83,107,107,99,112,107,104,179,99,83",
                        "endOffsets": "212,314,422,509,612,731,812,890,982,1076,1171,1265,1360,1454,1550,1650,1742,1834,1918,2026,2134,2234,2347,2455,2560,2740,2840,2924"
                    },
                    "to": {
                        "startLines": "8,9,10,11,12,13,14,15,16,17,18,19,20,21,22,23,24,25,26,27,28,29,30,31,32,33,34,111",
                        "startColumns": "4,4,4,4,4,4,4,4,4,4,4,4,4,4,4,4,4,4,4,4,4,4,4,4,4,4,4,4",
                        "startOffsets": "372,484,586,694,781,884,1003,1084,1162,1254,1348,1443,1537,1632,1726,1822,1922,2014,2106,2190,2298,2406,2506,2619,2727,2832,3012,10108",
                        "endColumns": "111,101,107,86,102,118,80,77,91,93,94,93,94,93,95,99,91,91,83,107,107,99,112,107,104,179,99,83",
                        "endOffsets": "479,581,689,776,879,998,1079,1157,1249,1343,1438,1532,1627,1721,1817,1917,2009,2101,2185,2293,2401,2501,2614,2722,2827,3007,3107,10187"
                    }
                },
                {
                    "source": "/Users/hrishikeshprateek/.gradle/caches/transforms-3/2e555aa60c2973d1a450e632503526ba/transformed/play-services-base-18.0.1/res/values-sl/values.xml",
                    "from": {
                        "startLines": "4,5,6,7,8,9,10,11,12,13,14,15,16,17,18,19,20",
                        "startColumns": "0,0,0,0,0,0,0,0,0,0,0,0,0,0,0,0,0",
                        "startOffsets": "193,295,456,581,684,827,953,1063,1163,1317,1420,1583,1709,1857,2005,2071,2129",
                        "endColumns": "101,160,124,102,142,125,109,99,153,102,162,125,147,147,65,57,79",
                        "endOffsets": "294,455,580,683,826,952,1062,1162,1316,1419,1582,1708,1856,2004,2070,2128,2208"
                    },
                    "to": {
                        "startLines": "39,40,41,42,43,44,45,46,48,49,50,51,52,53,54,55,56",
                        "startColumns": "4,4,4,4,4,4,4,4,4,4,4,4,4,4,4,4,4",
                        "startOffsets": "3516,3622,3787,3916,4023,4170,4300,4414,4658,4816,4923,5090,5220,5372,5524,5594,5656",
                        "endColumns": "105,164,128,106,146,129,113,103,157,106,166,129,151,151,69,61,83",
                        "endOffsets": "3617,3782,3911,4018,4165,4295,4409,4513,4811,4918,5085,5215,5367,5519,5589,5651,5735"
                    }
                },
                {
                    "source": "/Users/hrishikeshprateek/.gradle/caches/transforms-3/c395e7e1015ee83acecf070a1d54b71a/transformed/core-1.7.0/res/values-sl/values-sl.xml",
                    "from": {
                        "startLines": "2",
                        "startColumns": "4",
                        "startOffsets": "55",
                        "endColumns": "100",
                        "endOffsets": "151"
                    },
                    "to": {
                        "startLines": "112",
                        "startColumns": "4",
                        "startOffsets": "10192",
                        "endColumns": "100",
                        "endOffsets": "10288"
                    }
                },
                {
                    "source": "/Users/hrishikeshprateek/.gradle/caches/transforms-3/12a739d4a1f4d0799a8dabc3595aa692/transformed/material-1.6.1/res/values-sl/values-sl.xml",
                    "from": {
                        "startLines": "2,8,9,10,11,12,13,14,15,16,17,18,19,20,21,22,23,24,25,26,27,28,29,30,31,32,33,34,35,36,37,38,39,40,41,42,43,44,45,46,47,48,49,50,51,52,53,54,55,56,57,58,59,60,61",
                        "startColumns": "4,4,4,4,4,4,4,4,4,4,4,4,4,4,4,4,4,4,4,4,4,4,4,4,4,4,4,4,4,4,4,4,4,4,4,4,4,4,4,4,4,4,4,4,4,4,4,4,4,4,4,4,4,4,4",
                        "startOffsets": "55,322,410,516,642,726,792,886,962,1025,1137,1202,1256,1326,1386,1442,1554,1611,1673,1729,1802,1936,2021,2106,2219,2303,2386,2475,2542,2608,2681,2758,2842,2916,2992,3067,3140,3228,3301,3391,3482,3554,3628,3719,3771,3838,3922,4009,4071,4135,4198,4301,4398,4496,4593",
                        "endLines": "7,8,9,10,11,12,13,14,15,16,17,18,19,20,21,22,23,24,25,26,27,28,29,30,31,32,33,34,35,36,37,38,39,40,41,42,43,44,45,46,47,48,49,50,51,52,53,54,55,56,57,58,59,60,61",
                        "endColumns": "12,87,105,125,83,65,93,75,62,111,64,53,69,59,55,111,56,61,55,72,133,84,84,112,83,82,88,66,65,72,76,83,73,75,74,72,87,72,89,90,71,73,90,51,66,83,86,61,63,62,102,96,97,96,76",
                        "endOffsets": "317,405,511,637,721,787,881,957,1020,1132,1197,1251,1321,1381,1437,1549,1606,1668,1724,1797,1931,2016,2101,2214,2298,2381,2470,2537,2603,2676,2753,2837,2911,2987,3062,3135,3223,3296,3386,3477,3549,3623,3714,3766,3833,3917,4004,4066,4130,4193,4296,4393,4491,4588,4665"
                    },
                    "to": {
                        "startLines": "2,35,36,37,38,58,59,63,64,65,66,67,68,69,70,71,72,73,74,75,76,77,78,79,80,81,82,83,84,85,86,87,88,89,90,91,92,93,94,95,96,97,98,99,100,101,102,103,104,105,106,107,108,109,110",
                        "startColumns": "4,4,4,4,4,4,4,4,4,4,4,4,4,4,4,4,4,4,4,4,4,4,4,4,4,4,4,4,4,4,4,4,4,4,4,4,4,4,4,4,4,4,4,4,4,4,4,4,4,4,4,4,4,4,4",
                        "startOffsets": "105,3112,3200,3306,3432,5846,5912,6324,6400,6463,6575,6640,6694,6764,6824,6880,6992,7049,7111,7167,7240,7374,7459,7544,7657,7741,7824,7913,7980,8046,8119,8196,8280,8354,8430,8505,8578,8666,8739,8829,8920,8992,9066,9157,9209,9276,9360,9447,9509,9573,9636,9739,9836,9934,10031",
                        "endLines": "7,35,36,37,38,58,59,63,64,65,66,67,68,69,70,71,72,73,74,75,76,77,78,79,80,81,82,83,84,85,86,87,88,89,90,91,92,93,94,95,96,97,98,99,100,101,102,103,104,105,106,107,108,109,110",
                        "endColumns": "12,87,105,125,83,65,93,75,62,111,64,53,69,59,55,111,56,61,55,72,133,84,84,112,83,82,88,66,65,72,76,83,73,75,74,72,87,72,89,90,71,73,90,51,66,83,86,61,63,62,102,96,97,96,76",
                        "endOffsets": "367,3195,3301,3427,3511,5907,6001,6395,6458,6570,6635,6689,6759,6819,6875,6987,7044,7106,7162,7235,7369,7454,7539,7652,7736,7819,7908,7975,8041,8114,8191,8275,8349,8425,8500,8573,8661,8734,8824,8915,8987,9061,9152,9204,9271,9355,9442,9504,9568,9631,9734,9831,9929,10026,10103"
                    }
                },
                {
                    "source": "/Users/hrishikeshprateek/.gradle/caches/transforms-3/7dd72130baac917b63f1fe236247c70e/transformed/browser-1.4.0/res/values-sl/values-sl.xml",
                    "from": {
                        "startLines": "2,3,4,5",
                        "startColumns": "4,4,4,4",
                        "startOffsets": "55,161,265,377",
                        "endColumns": "105,103,111,101",
                        "endOffsets": "156,260,372,474"
                    },
                    "to": {
                        "startLines": "57,60,61,62",
                        "startColumns": "4,4,4,4",
                        "startOffsets": "5740,6006,6110,6222",
                        "endColumns": "105,103,111,101",
                        "endOffsets": "5841,6105,6217,6319"
                    }
                }
            ]
        }
    ]
}