{
    "logs": [
        {
            "outputFile": "com.aigs.junctionbox.app-mergeDebugResources-28:/values-ldrtl-v17/values-ldrtl-v17.xml",
            "map": [
                {
                    "source": "/Users/hrishikeshprateek/.gradle/caches/transforms-3/12a739d4a1f4d0799a8dabc3595aa692/transformed/material-1.6.1/res/values-ldrtl-v17/values-ldrtl-v17.xml",
                    "from": {
                        "startLines": "2,3",
                        "startColumns": "4,4",
                        "startOffsets": "55,191",
                        "endColumns": "135,140",
                        "endOffsets": "186,327"
                    }
                }
            ]
        }
    ]
}