{
    "logs": [
        {
            "outputFile": "com.aigs.junctionbox.app-mergeDebugResources-28:/values-de/values-de.xml",
            "map": [
                {
                    "source": "/Users/hrishikeshprateek/.gradle/caches/transforms-3/c395e7e1015ee83acecf070a1d54b71a/transformed/core-1.7.0/res/values-de/values-de.xml",
                    "from": {
                        "startLines": "2",
                        "startColumns": "4",
                        "startOffsets": "55",
                        "endColumns": "100",
                        "endOffsets": "151"
                    },
                    "to": {
                        "startLines": "110",
                        "startColumns": "4",
                        "startOffsets": "10279",
                        "endColumns": "100",
                        "endOffsets": "10375"
                    }
                },
                {
                    "source": "/Users/hrishikeshprateek/.gradle/caches/transforms-3/394bb91a0dbf29de2a48cd3ef978c15e/transformed/appcompat-1.4.2/res/values-de/values-de.xml",
                    "from": {
                        "startLines": "2,3,4,5,6,7,8,9,10,11,12,13,14,15,16,17,18,19,20,21,22,23,24,25,26,27,28,29",
                        "startColumns": "4,4,4,4,4,4,4,4,4,4,4,4,4,4,4,4,4,4,4,4,4,4,4,4,4,4,4,4",
                        "startOffsets": "105,210,308,420,506,612,727,805,880,972,1066,1162,1263,1370,1470,1574,1672,1770,1867,1949,2060,2162,2260,2367,2470,2574,2730,2832",
                        "endColumns": "104,97,111,85,105,114,77,74,91,93,95,100,106,99,103,97,97,96,81,110,101,97,106,102,103,155,101,81",
                        "endOffsets": "205,303,415,501,607,722,800,875,967,1061,1157,1258,1365,1465,1569,1667,1765,1862,1944,2055,2157,2255,2362,2465,2569,2725,2827,2909"
                    },
                    "to": {
                        "startLines": "6,7,8,9,10,11,12,13,14,15,16,17,18,19,20,21,22,23,24,25,26,27,28,29,30,31,32,109",
                        "startColumns": "4,4,4,4,4,4,4,4,4,4,4,4,4,4,4,4,4,4,4,4,4,4,4,4,4,4,4,4",
                        "startOffsets": "288,393,491,603,689,795,910,988,1063,1155,1249,1345,1446,1553,1653,1757,1855,1953,2050,2132,2243,2345,2443,2550,2653,2757,2913,10197",
                        "endColumns": "104,97,111,85,105,114,77,74,91,93,95,100,106,99,103,97,97,96,81,110,101,97,106,102,103,155,101,81",
                        "endOffsets": "388,486,598,684,790,905,983,1058,1150,1244,1340,1441,1548,1648,1752,1850,1948,2045,2127,2238,2340,2438,2545,2648,2752,2908,3010,10274"
                    }
                },
                {
                    "source": "/Users/hrishikeshprateek/.gradle/caches/transforms-3/2e555aa60c2973d1a450e632503526ba/transformed/play-services-base-18.0.1/res/values-de/values.xml",
                    "from": {
                        "startLines": "4,5,6,7,8,9,10,11,12,13,14,15,16,17,18,19,20",
                        "startColumns": "0,0,0,0,0,0,0,0,0,0,0,0,0,0,0,0,0",
                        "startOffsets": "193,298,458,582,690,864,991,1108,1223,1399,1507,1672,1799,1957,2129,2196,2255",
                        "endColumns": "104,159,123,107,173,126,116,114,175,107,164,126,157,171,66,58,75",
                        "endOffsets": "297,457,581,689,863,990,1107,1222,1398,1506,1671,1798,1956,2128,2195,2254,2330"
                    },
                    "to": {
                        "startLines": "37,38,39,40,41,42,43,44,46,47,48,49,50,51,52,53,54",
                        "startColumns": "4,4,4,4,4,4,4,4,4,4,4,4,4,4,4,4,4",
                        "startOffsets": "3403,3512,3676,3804,3916,4094,4225,4346,4610,4790,4902,5071,5202,5364,5540,5611,5674",
                        "endColumns": "108,163,127,111,177,130,120,118,179,111,168,130,161,175,70,62,79",
                        "endOffsets": "3507,3671,3799,3911,4089,4220,4341,4460,4785,4897,5066,5197,5359,5535,5606,5669,5749"
                    }
                },
                {
                    "source": "/Users/hrishikeshprateek/.gradle/caches/transforms-3/49c827b69fa8a7f7c64c8edf0f9f028b/transformed/play-services-basement-18.0.0/res/values-de/values.xml",
                    "from": {
                        "startLines": "4",
                        "startColumns": "0",
                        "startOffsets": "195",
                        "endColumns": "140",
                        "endOffsets": "335"
                    },
                    "to": {
                        "startLines": "45",
                        "startColumns": "4",
                        "startOffsets": "4465",
                        "endColumns": "144",
                        "endOffsets": "4605"
                    }
                },
                {
                    "source": "/Users/hrishikeshprateek/.gradle/caches/transforms-3/12a739d4a1f4d0799a8dabc3595aa692/transformed/material-1.6.1/res/values-de/values-de.xml",
                    "from": {
                        "startLines": "2,6,7,8,9,10,11,12,13,14,15,16,17,18,19,20,21,22,23,24,25,26,27,28,29,30,31,32,33,34,35,36,37,38,39,40,41,42,43,44,45,46,47,48,49,50,51,52,53,54,55,56,57,58,59",
                        "startColumns": "4,4,4,4,4,4,4,4,4,4,4,4,4,4,4,4,4,4,4,4,4,4,4,4,4,4,4,4,4,4,4,4,4,4,4,4,4,4,4,4,4,4,4,4,4,4,4,4,4,4,4,4,4,4,4",
                        "startOffsets": "55,238,322,423,545,626,692,786,856,915,1023,1092,1150,1222,1286,1340,1468,1528,1590,1644,1722,1859,1951,2035,2150,2234,2320,2410,2477,2543,2617,2699,2792,2866,2944,3016,3090,3182,3264,3353,3442,3516,3594,3680,3735,3802,3882,3966,4028,4092,4155,4262,4366,4465,4571",
                        "endLines": "5,6,7,8,9,10,11,12,13,14,15,16,17,18,19,20,21,22,23,24,25,26,27,28,29,30,31,32,33,34,35,36,37,38,39,40,41,42,43,44,45,46,47,48,49,50,51,52,53,54,55,56,57,58,59",
                        "endColumns": "12,83,100,121,80,65,93,69,58,107,68,57,71,63,53,127,59,61,53,77,136,91,83,114,83,85,89,66,65,73,81,92,73,77,71,73,91,81,88,88,73,77,85,54,66,79,83,61,63,62,106,103,98,105,81",
                        "endOffsets": "233,317,418,540,621,687,781,851,910,1018,1087,1145,1217,1281,1335,1463,1523,1585,1639,1717,1854,1946,2030,2145,2229,2315,2405,2472,2538,2612,2694,2787,2861,2939,3011,3085,3177,3259,3348,3437,3511,3589,3675,3730,3797,3877,3961,4023,4087,4150,4257,4361,4460,4566,4648"
                    },
                    "to": {
                        "startLines": "2,33,34,35,36,56,57,61,62,63,64,65,66,67,68,69,70,71,72,73,74,75,76,77,78,79,80,81,82,83,84,85,86,87,88,89,90,91,92,93,94,95,96,97,98,99,100,101,102,103,104,105,106,107,108",
                        "startColumns": "4,4,4,4,4,4,4,4,4,4,4,4,4,4,4,4,4,4,4,4,4,4,4,4,4,4,4,4,4,4,4,4,4,4,4,4,4,4,4,4,4,4,4,4,4,4,4,4,4,4,4,4,4,4,4",
                        "startOffsets": "105,3015,3099,3200,3322,5858,5924,6330,6400,6459,6567,6636,6694,6766,6830,6884,7012,7072,7134,7188,7266,7403,7495,7579,7694,7778,7864,7954,8021,8087,8161,8243,8336,8410,8488,8560,8634,8726,8808,8897,8986,9060,9138,9224,9279,9346,9426,9510,9572,9636,9699,9806,9910,10009,10115",
                        "endLines": "5,33,34,35,36,56,57,61,62,63,64,65,66,67,68,69,70,71,72,73,74,75,76,77,78,79,80,81,82,83,84,85,86,87,88,89,90,91,92,93,94,95,96,97,98,99,100,101,102,103,104,105,106,107,108",
                        "endColumns": "12,83,100,121,80,65,93,69,58,107,68,57,71,63,53,127,59,61,53,77,136,91,83,114,83,85,89,66,65,73,81,92,73,77,71,73,91,81,88,88,73,77,85,54,66,79,83,61,63,62,106,103,98,105,81",
                        "endOffsets": "283,3094,3195,3317,3398,5919,6013,6395,6454,6562,6631,6689,6761,6825,6879,7007,7067,7129,7183,7261,7398,7490,7574,7689,7773,7859,7949,8016,8082,8156,8238,8331,8405,8483,8555,8629,8721,8803,8892,8981,9055,9133,9219,9274,9341,9421,9505,9567,9631,9694,9801,9905,10004,10110,10192"
                    }
                },
                {
                    "source": "/Users/hrishikeshprateek/.gradle/caches/transforms-3/7dd72130baac917b63f1fe236247c70e/transformed/browser-1.4.0/res/values-de/values-de.xml",
                    "from": {
                        "startLines": "2,3,4,5",
                        "startColumns": "4,4,4,4",
                        "startOffsets": "55,159,260,371",
                        "endColumns": "103,100,110,99",
                        "endOffsets": "154,255,366,466"
                    },
                    "to": {
                        "startLines": "55,58,59,60",
                        "startColumns": "4,4,4,4",
                        "startOffsets": "5754,6018,6119,6230",
                        "endColumns": "103,100,110,99",
                        "endOffsets": "5853,6114,6225,6325"
                    }
                }
            ]
        }
    ]
}