{
    "logs": [
        {
            "outputFile": "com.aigs.junctionbox.app-mergeDebugResources-28:/values-tl/values-tl.xml",
            "map": [
                {
                    "source": "/Users/hrishikeshprateek/.gradle/caches/transforms-3/394bb91a0dbf29de2a48cd3ef978c15e/transformed/appcompat-1.4.2/res/values-tl/values-tl.xml",
                    "from": {
                        "startLines": "2,3,4,5,6,7,8,9,10,11,12,13,14,15,16,17,18,19,20,21,22,23,24,25,26,27,28,29",
                        "startColumns": "4,4,4,4,4,4,4,4,4,4,4,4,4,4,4,4,4,4,4,4,4,4,4,4,4,4,4,4",
                        "startOffsets": "105,216,324,437,525,631,746,826,903,994,1087,1182,1276,1376,1469,1564,1658,1749,1840,1924,2033,2143,2244,2354,2472,2580,2743,2845",
                        "endColumns": "110,107,112,87,105,114,79,76,90,92,94,93,99,92,94,93,90,90,83,108,109,100,109,117,107,162,101,84",
                        "endOffsets": "211,319,432,520,626,741,821,898,989,1082,1177,1271,1371,1464,1559,1653,1744,1835,1919,2028,2138,2239,2349,2467,2575,2738,2840,2925"
                    },
                    "to": {
                        "startLines": "6,7,8,9,10,11,12,13,14,15,16,17,18,19,20,21,22,23,24,25,26,27,28,29,30,31,32,109",
                        "startColumns": "4,4,4,4,4,4,4,4,4,4,4,4,4,4,4,4,4,4,4,4,4,4,4,4,4,4,4,4",
                        "startOffsets": "285,396,504,617,705,811,926,1006,1083,1174,1267,1362,1456,1556,1649,1744,1838,1929,2020,2104,2213,2323,2424,2534,2652,2760,2923,10311",
                        "endColumns": "110,107,112,87,105,114,79,76,90,92,94,93,99,92,94,93,90,90,83,108,109,100,109,117,107,162,101,84",
                        "endOffsets": "391,499,612,700,806,921,1001,1078,1169,1262,1357,1451,1551,1644,1739,1833,1924,2015,2099,2208,2318,2419,2529,2647,2755,2918,3020,10391"
                    }
                },
                {
                    "source": "/Users/hrishikeshprateek/.gradle/caches/transforms-3/49c827b69fa8a7f7c64c8edf0f9f028b/transformed/play-services-basement-18.0.0/res/values-tl/values.xml",
                    "from": {
                        "startLines": "4",
                        "startColumns": "0",
                        "startOffsets": "195",
                        "endColumns": "140",
                        "endOffsets": "335"
                    },
                    "to": {
                        "startLines": "45",
                        "startColumns": "4",
                        "startOffsets": "4496",
                        "endColumns": "144",
                        "endOffsets": "4636"
                    }
                },
                {
                    "source": "/Users/hrishikeshprateek/.gradle/caches/transforms-3/2e555aa60c2973d1a450e632503526ba/transformed/play-services-base-18.0.1/res/values-tl/values.xml",
                    "from": {
                        "startLines": "4,5,6,7,8,9,10,11,12,13,14,15,16,17,18,19,20",
                        "startColumns": "0,0,0,0,0,0,0,0,0,0,0,0,0,0,0,0,0",
                        "startOffsets": "193,296,468,602,707,861,993,1111,1220,1395,1498,1672,1806,1964,2139,2203,2265",
                        "endColumns": "102,171,133,104,153,131,117,108,174,102,173,133,157,174,63,61,76",
                        "endOffsets": "295,467,601,706,860,992,1110,1219,1394,1497,1671,1805,1963,2138,2202,2264,2341"
                    },
                    "to": {
                        "startLines": "37,38,39,40,41,42,43,44,46,47,48,49,50,51,52,53,54",
                        "startColumns": "4,4,4,4,4,4,4,4,4,4,4,4,4,4,4,4,4",
                        "startOffsets": "3437,3544,3720,3858,3967,4125,4261,4383,4641,4820,4927,5105,5243,5405,5584,5652,5718",
                        "endColumns": "106,175,137,108,157,135,121,112,178,106,177,137,161,178,67,65,80",
                        "endOffsets": "3539,3715,3853,3962,4120,4256,4378,4491,4815,4922,5100,5238,5400,5579,5647,5713,5794"
                    }
                },
                {
                    "source": "/Users/hrishikeshprateek/.gradle/caches/transforms-3/c395e7e1015ee83acecf070a1d54b71a/transformed/core-1.7.0/res/values-tl/values-tl.xml",
                    "from": {
                        "startLines": "2",
                        "startColumns": "4",
                        "startOffsets": "55",
                        "endColumns": "100",
                        "endOffsets": "151"
                    },
                    "to": {
                        "startLines": "110",
                        "startColumns": "4",
                        "startOffsets": "10396",
                        "endColumns": "100",
                        "endOffsets": "10492"
                    }
                },
                {
                    "source": "/Users/hrishikeshprateek/.gradle/caches/transforms-3/7dd72130baac917b63f1fe236247c70e/transformed/browser-1.4.0/res/values-tl/values-tl.xml",
                    "from": {
                        "startLines": "2,3,4,5",
                        "startColumns": "4,4,4,4",
                        "startOffsets": "55,158,263,374",
                        "endColumns": "102,104,110,104",
                        "endOffsets": "153,258,369,474"
                    },
                    "to": {
                        "startLines": "55,58,59,60",
                        "startColumns": "4,4,4,4",
                        "startOffsets": "5799,6066,6171,6282",
                        "endColumns": "102,104,110,104",
                        "endOffsets": "5897,6166,6277,6382"
                    }
                },
                {
                    "source": "/Users/hrishikeshprateek/.gradle/caches/transforms-3/12a739d4a1f4d0799a8dabc3595aa692/transformed/material-1.6.1/res/values-tl/values-tl.xml",
                    "from": {
                        "startLines": "2,6,7,8,9,10,11,12,13,14,15,16,17,18,19,20,21,22,23,24,25,26,27,28,29,30,31,32,33,34,35,36,37,38,39,40,41,42,43,44,45,46,47,48,49,50,51,52,53,54,55,56,57,58,59",
                        "startColumns": "4,4,4,4,4,4,4,4,4,4,4,4,4,4,4,4,4,4,4,4,4,4,4,4,4,4,4,4,4,4,4,4,4,4,4,4,4,4,4,4,4,4,4,4,4,4,4,4,4,4,4,4,4,4,4",
                        "startOffsets": "55,235,321,426,562,647,712,811,879,938,1027,1094,1157,1232,1300,1354,1474,1532,1594,1648,1723,1865,1955,2040,2155,2239,2322,2418,2485,2551,2625,2703,2794,2868,2947,3020,3092,3196,3269,3368,3468,3542,3617,3724,3776,3843,3934,4028,4090,4154,4217,4336,4438,4547,4650",
                        "endLines": "5,6,7,8,9,10,11,12,13,14,15,16,17,18,19,20,21,22,23,24,25,26,27,28,29,30,31,32,33,34,35,36,37,38,39,40,41,42,43,44,45,46,47,48,49,50,51,52,53,54,55,56,57,58,59",
                        "endColumns": "12,85,104,135,84,64,98,67,58,88,66,62,74,67,53,119,57,61,53,74,141,89,84,114,83,82,95,66,65,73,77,90,73,78,72,71,103,72,98,99,73,74,106,51,66,90,93,61,63,62,118,101,108,102,84",
                        "endOffsets": "230,316,421,557,642,707,806,874,933,1022,1089,1152,1227,1295,1349,1469,1527,1589,1643,1718,1860,1950,2035,2150,2234,2317,2413,2480,2546,2620,2698,2789,2863,2942,3015,3087,3191,3264,3363,3463,3537,3612,3719,3771,3838,3929,4023,4085,4149,4212,4331,4433,4542,4645,4730"
                    },
                    "to": {
                        "startLines": "2,33,34,35,36,56,57,61,62,63,64,65,66,67,68,69,70,71,72,73,74,75,76,77,78,79,80,81,82,83,84,85,86,87,88,89,90,91,92,93,94,95,96,97,98,99,100,101,102,103,104,105,106,107,108",
                        "startColumns": "4,4,4,4,4,4,4,4,4,4,4,4,4,4,4,4,4,4,4,4,4,4,4,4,4,4,4,4,4,4,4,4,4,4,4,4,4,4,4,4,4,4,4,4,4,4,4,4,4,4,4,4,4,4,4",
                        "startOffsets": "105,3025,3111,3216,3352,5902,5967,6387,6455,6514,6603,6670,6733,6808,6876,6930,7050,7108,7170,7224,7299,7441,7531,7616,7731,7815,7898,7994,8061,8127,8201,8279,8370,8444,8523,8596,8668,8772,8845,8944,9044,9118,9193,9300,9352,9419,9510,9604,9666,9730,9793,9912,10014,10123,10226",
                        "endLines": "5,33,34,35,36,56,57,61,62,63,64,65,66,67,68,69,70,71,72,73,74,75,76,77,78,79,80,81,82,83,84,85,86,87,88,89,90,91,92,93,94,95,96,97,98,99,100,101,102,103,104,105,106,107,108",
                        "endColumns": "12,85,104,135,84,64,98,67,58,88,66,62,74,67,53,119,57,61,53,74,141,89,84,114,83,82,95,66,65,73,77,90,73,78,72,71,103,72,98,99,73,74,106,51,66,90,93,61,63,62,118,101,108,102,84",
                        "endOffsets": "280,3106,3211,3347,3432,5962,6061,6450,6509,6598,6665,6728,6803,6871,6925,7045,7103,7165,7219,7294,7436,7526,7611,7726,7810,7893,7989,8056,8122,8196,8274,8365,8439,8518,8591,8663,8767,8840,8939,9039,9113,9188,9295,9347,9414,9505,9599,9661,9725,9788,9907,10009,10118,10221,10306"
                    }
                }
            ]
        }
    ]
}