{
    "logs": [
        {
            "outputFile": "com.aigs.junctionbox.app-mergeDebugResources-28:/values-lo/values-lo.xml",
            "map": [
                {
                    "source": "/Users/hrishikeshprateek/.gradle/caches/transforms-3/2e555aa60c2973d1a450e632503526ba/transformed/play-services-base-18.0.1/res/values-lo/values.xml",
                    "from": {
                        "startLines": "4,5,6,7,8,9,10,11,12,13,14,15,16,17,18,19,20",
                        "startColumns": "0,0,0,0,0,0,0,0,0,0,0,0,0,0,0,0,0",
                        "startOffsets": "193,297,463,589,692,840,961,1065,1177,1325,1426,1588,1713,1880,2037,2101,2166",
                        "endColumns": "103,165,125,102,147,120,103,111,147,100,161,124,166,156,63,64,80",
                        "endOffsets": "296,462,588,691,839,960,1064,1176,1324,1425,1587,1712,1879,2036,2100,2165,2246"
                    },
                    "to": {
                        "startLines": "37,38,39,40,41,42,43,44,46,47,48,49,50,51,52,53,54",
                        "startColumns": "4,4,4,4,4,4,4,4,4,4,4,4,4,4,4,4,4",
                        "startOffsets": "3339,3447,3617,3747,3854,4006,4131,4239,4487,4639,4744,4910,5039,5210,5371,5439,5508",
                        "endColumns": "107,169,129,106,151,124,107,115,151,104,165,128,170,160,67,68,84",
                        "endOffsets": "3442,3612,3742,3849,4001,4126,4234,4350,4634,4739,4905,5034,5205,5366,5434,5503,5588"
                    }
                },
                {
                    "source": "/Users/hrishikeshprateek/.gradle/caches/transforms-3/49c827b69fa8a7f7c64c8edf0f9f028b/transformed/play-services-basement-18.0.0/res/values-lo/values.xml",
                    "from": {
                        "startLines": "4",
                        "startColumns": "0",
                        "startOffsets": "195",
                        "endColumns": "127",
                        "endOffsets": "322"
                    },
                    "to": {
                        "startLines": "45",
                        "startColumns": "4",
                        "startOffsets": "4355",
                        "endColumns": "131",
                        "endOffsets": "4482"
                    }
                },
                {
                    "source": "/Users/hrishikeshprateek/.gradle/caches/transforms-3/c395e7e1015ee83acecf070a1d54b71a/transformed/core-1.7.0/res/values-lo/values-lo.xml",
                    "from": {
                        "startLines": "2",
                        "startColumns": "4",
                        "startOffsets": "55",
                        "endColumns": "100",
                        "endOffsets": "151"
                    },
                    "to": {
                        "startLines": "110",
                        "startColumns": "4",
                        "startOffsets": "9930",
                        "endColumns": "100",
                        "endOffsets": "10026"
                    }
                },
                {
                    "source": "/Users/hrishikeshprateek/.gradle/caches/transforms-3/394bb91a0dbf29de2a48cd3ef978c15e/transformed/appcompat-1.4.2/res/values-lo/values-lo.xml",
                    "from": {
                        "startLines": "2,3,4,5,6,7,8,9,10,11,12,13,14,15,16,17,18,19,20,21,22,23,24,25,26,27,28,29",
                        "startColumns": "4,4,4,4,4,4,4,4,4,4,4,4,4,4,4,4,4,4,4,4,4,4,4,4,4,4,4,4",
                        "startOffsets": "105,208,311,424,509,613,724,802,879,970,1063,1155,1249,1349,1442,1537,1633,1724,1815,1896,2003,2107,2205,2308,2412,2516,2673,2772",
                        "endColumns": "102,102,112,84,103,110,77,76,90,92,91,93,99,92,94,95,90,90,80,106,103,97,102,103,103,156,98,81",
                        "endOffsets": "203,306,419,504,608,719,797,874,965,1058,1150,1244,1344,1437,1532,1628,1719,1810,1891,1998,2102,2200,2303,2407,2511,2668,2767,2849"
                    },
                    "to": {
                        "startLines": "6,7,8,9,10,11,12,13,14,15,16,17,18,19,20,21,22,23,24,25,26,27,28,29,30,31,32,109",
                        "startColumns": "4,4,4,4,4,4,4,4,4,4,4,4,4,4,4,4,4,4,4,4,4,4,4,4,4,4,4,4",
                        "startOffsets": "274,377,480,593,678,782,893,971,1048,1139,1232,1324,1418,1518,1611,1706,1802,1893,1984,2065,2172,2276,2374,2477,2581,2685,2842,9848",
                        "endColumns": "102,102,112,84,103,110,77,76,90,92,91,93,99,92,94,95,90,90,80,106,103,97,102,103,103,156,98,81",
                        "endOffsets": "372,475,588,673,777,888,966,1043,1134,1227,1319,1413,1513,1606,1701,1797,1888,1979,2060,2167,2271,2369,2472,2576,2680,2837,2936,9925"
                    }
                },
                {
                    "source": "/Users/hrishikeshprateek/.gradle/caches/transforms-3/12a739d4a1f4d0799a8dabc3595aa692/transformed/material-1.6.1/res/values-lo/values-lo.xml",
                    "from": {
                        "startLines": "2,6,7,8,9,10,11,12,13,14,15,16,17,18,19,20,21,22,23,24,25,26,27,28,29,30,31,32,33,34,35,36,37,38,39,40,41,42,43,44,45,46,47,48,49,50,51,52,53,54,55,56,57,58,59",
                        "startColumns": "4,4,4,4,4,4,4,4,4,4,4,4,4,4,4,4,4,4,4,4,4,4,4,4,4,4,4,4,4,4,4,4,4,4,4,4,4,4,4,4,4,4,4,4,4,4,4,4,4,4,4,4,4,4,4",
                        "startOffsets": "55,224,305,420,539,622,688,777,846,905,1000,1065,1123,1188,1249,1309,1415,1476,1536,1594,1665,1784,1870,1952,2065,2140,2216,2306,2373,2439,2508,2582,2661,2734,2811,2880,2950,3035,3110,3203,3296,3370,3439,3533,3585,3652,3736,3820,3882,3946,4009,4108,4200,4295,4387",
                        "endLines": "5,6,7,8,9,10,11,12,13,14,15,16,17,18,19,20,21,22,23,24,25,26,27,28,29,30,31,32,33,34,35,36,37,38,39,40,41,42,43,44,45,46,47,48,49,50,51,52,53,54,55,56,57,58,59",
                        "endColumns": "12,80,114,118,82,65,88,68,58,94,64,57,64,60,59,105,60,59,57,70,118,85,81,112,74,75,89,66,65,68,73,78,72,76,68,69,84,74,92,92,73,68,93,51,66,83,83,61,63,62,98,91,94,91,78",
                        "endOffsets": "219,300,415,534,617,683,772,841,900,995,1060,1118,1183,1244,1304,1410,1471,1531,1589,1660,1779,1865,1947,2060,2135,2211,2301,2368,2434,2503,2577,2656,2729,2806,2875,2945,3030,3105,3198,3291,3365,3434,3528,3580,3647,3731,3815,3877,3941,4004,4103,4195,4290,4382,4461"
                    },
                    "to": {
                        "startLines": "2,33,34,35,36,56,57,61,62,63,64,65,66,67,68,69,70,71,72,73,74,75,76,77,78,79,80,81,82,83,84,85,86,87,88,89,90,91,92,93,94,95,96,97,98,99,100,101,102,103,104,105,106,107,108",
                        "startColumns": "4,4,4,4,4,4,4,4,4,4,4,4,4,4,4,4,4,4,4,4,4,4,4,4,4,4,4,4,4,4,4,4,4,4,4,4,4,4,4,4,4,4,4,4,4,4,4,4,4,4,4,4,4,4,4",
                        "startOffsets": "105,2941,3022,3137,3256,5691,5757,6159,6228,6287,6382,6447,6505,6570,6631,6691,6797,6858,6918,6976,7047,7166,7252,7334,7447,7522,7598,7688,7755,7821,7890,7964,8043,8116,8193,8262,8332,8417,8492,8585,8678,8752,8821,8915,8967,9034,9118,9202,9264,9328,9391,9490,9582,9677,9769",
                        "endLines": "5,33,34,35,36,56,57,61,62,63,64,65,66,67,68,69,70,71,72,73,74,75,76,77,78,79,80,81,82,83,84,85,86,87,88,89,90,91,92,93,94,95,96,97,98,99,100,101,102,103,104,105,106,107,108",
                        "endColumns": "12,80,114,118,82,65,88,68,58,94,64,57,64,60,59,105,60,59,57,70,118,85,81,112,74,75,89,66,65,68,73,78,72,76,68,69,84,74,92,92,73,68,93,51,66,83,83,61,63,62,98,91,94,91,78",
                        "endOffsets": "269,3017,3132,3251,3334,5752,5841,6223,6282,6377,6442,6500,6565,6626,6686,6792,6853,6913,6971,7042,7161,7247,7329,7442,7517,7593,7683,7750,7816,7885,7959,8038,8111,8188,8257,8327,8412,8487,8580,8673,8747,8816,8910,8962,9029,9113,9197,9259,9323,9386,9485,9577,9672,9764,9843"
                    }
                },
                {
                    "source": "/Users/hrishikeshprateek/.gradle/caches/transforms-3/7dd72130baac917b63f1fe236247c70e/transformed/browser-1.4.0/res/values-lo/values-lo.xml",
                    "from": {
                        "startLines": "2,3,4,5",
                        "startColumns": "4,4,4,4",
                        "startOffsets": "55,153,251,366",
                        "endColumns": "97,97,114,99",
                        "endOffsets": "148,246,361,461"
                    },
                    "to": {
                        "startLines": "55,58,59,60",
                        "startColumns": "4,4,4,4",
                        "startOffsets": "5593,5846,5944,6059",
                        "endColumns": "97,97,114,99",
                        "endOffsets": "5686,5939,6054,6154"
                    }
                }
            ]
        }
    ]
}