{
    "logs": [
        {
            "outputFile": "com.aigs.junctionbox.app-mergeDebugResources-28:/values-fa/values-fa.xml",
            "map": [
                {
                    "source": "/Users/hrishikeshprateek/.gradle/caches/transforms-3/394bb91a0dbf29de2a48cd3ef978c15e/transformed/appcompat-1.4.2/res/values-fa/values-fa.xml",
                    "from": {
                        "startLines": "2,3,4,5,6,7,8,9,10,11,12,13,14,15,16,17,18,19,20,21,22,23,24,25,26,27,28,29",
                        "startColumns": "4,4,4,4,4,4,4,4,4,4,4,4,4,4,4,4,4,4,4,4,4,4,4,4,4,4,4,4",
                        "startOffsets": "105,215,316,427,511,612,727,807,884,977,1072,1164,1258,1360,1455,1552,1646,1739,1829,1911,2019,2123,2221,2327,2432,2537,2694,2795",
                        "endColumns": "109,100,110,83,100,114,79,76,92,94,91,93,101,94,96,93,92,89,81,107,103,97,105,104,104,156,100,81",
                        "endOffsets": "210,311,422,506,607,722,802,879,972,1067,1159,1253,1355,1450,1547,1641,1734,1824,1906,2014,2118,2216,2322,2427,2532,2689,2790,2872"
                    },
                    "to": {
                        "startLines": "6,7,8,9,10,11,12,13,14,15,16,17,18,19,20,21,22,23,24,25,26,27,28,29,30,31,32,109",
                        "startColumns": "4,4,4,4,4,4,4,4,4,4,4,4,4,4,4,4,4,4,4,4,4,4,4,4,4,4,4,4",
                        "startOffsets": "264,374,475,586,670,771,886,966,1043,1136,1231,1323,1417,1519,1614,1711,1805,1898,1988,2070,2178,2282,2380,2486,2591,2696,2853,9846",
                        "endColumns": "109,100,110,83,100,114,79,76,92,94,91,93,101,94,96,93,92,89,81,107,103,97,105,104,104,156,100,81",
                        "endOffsets": "369,470,581,665,766,881,961,1038,1131,1226,1318,1412,1514,1609,1706,1800,1893,1983,2065,2173,2277,2375,2481,2586,2691,2848,2949,9923"
                    }
                },
                {
                    "source": "/Users/hrishikeshprateek/.gradle/caches/transforms-3/c395e7e1015ee83acecf070a1d54b71a/transformed/core-1.7.0/res/values-fa/values-fa.xml",
                    "from": {
                        "startLines": "2",
                        "startColumns": "4",
                        "startOffsets": "55",
                        "endColumns": "100",
                        "endOffsets": "151"
                    },
                    "to": {
                        "startLines": "110",
                        "startColumns": "4",
                        "startOffsets": "9928",
                        "endColumns": "100",
                        "endOffsets": "10024"
                    }
                },
                {
                    "source": "/Users/hrishikeshprateek/.gradle/caches/transforms-3/49c827b69fa8a7f7c64c8edf0f9f028b/transformed/play-services-basement-18.0.0/res/values-fa/values.xml",
                    "from": {
                        "startLines": "4",
                        "startColumns": "0",
                        "startOffsets": "195",
                        "endColumns": "150",
                        "endOffsets": "345"
                    },
                    "to": {
                        "startLines": "45",
                        "startColumns": "4",
                        "startOffsets": "4325",
                        "endColumns": "154",
                        "endOffsets": "4475"
                    }
                },
                {
                    "source": "/Users/hrishikeshprateek/.gradle/caches/transforms-3/2e555aa60c2973d1a450e632503526ba/transformed/play-services-base-18.0.1/res/values-fa/values.xml",
                    "from": {
                        "startLines": "4,5,6,7,8,9,10,11,12,13,14,15,16,17,18,19,20",
                        "startColumns": "0,0,0,0,0,0,0,0,0,0,0,0,0,0,0,0,0",
                        "startOffsets": "193,297,450,575,674,810,932,1042,1140,1289,1395,1561,1688,1837,1989,2051,2115",
                        "endColumns": "103,152,124,98,135,121,109,97,148,105,165,126,148,151,61,63,80",
                        "endOffsets": "296,449,574,673,809,931,1041,1139,1288,1394,1560,1687,1836,1988,2050,2114,2195"
                    },
                    "to": {
                        "startLines": "37,38,39,40,41,42,43,44,46,47,48,49,50,51,52,53,54",
                        "startColumns": "4,4,4,4,4,4,4,4,4,4,4,4,4,4,4,4,4",
                        "startOffsets": "3346,3454,3611,3740,3843,3983,4109,4223,4480,4633,4743,4913,5044,5197,5353,5419,5487",
                        "endColumns": "107,156,128,102,139,125,113,101,152,109,169,130,152,155,65,67,84",
                        "endOffsets": "3449,3606,3735,3838,3978,4104,4218,4320,4628,4738,4908,5039,5192,5348,5414,5482,5567"
                    }
                },
                {
                    "source": "/Users/hrishikeshprateek/.gradle/caches/transforms-3/7dd72130baac917b63f1fe236247c70e/transformed/browser-1.4.0/res/values-fa/values-fa.xml",
                    "from": {
                        "startLines": "2,3,4,5",
                        "startColumns": "4,4,4,4",
                        "startOffsets": "55,154,251,362",
                        "endColumns": "98,96,110,102",
                        "endOffsets": "149,246,357,460"
                    },
                    "to": {
                        "startLines": "55,58,59,60",
                        "startColumns": "4,4,4,4",
                        "startOffsets": "5572,5824,5921,6032",
                        "endColumns": "98,96,110,102",
                        "endOffsets": "5666,5916,6027,6130"
                    }
                },
                {
                    "source": "/Users/hrishikeshprateek/.gradle/caches/transforms-3/12a739d4a1f4d0799a8dabc3595aa692/transformed/material-1.6.1/res/values-fa/values-fa.xml",
                    "from": {
                        "startLines": "2,6,7,8,9,10,11,12,13,14,15,16,17,18,19,20,21,22,23,24,25,26,27,28,29,30,31,32,33,34,35,36,37,38,39,40,41,42,43,44,45,46,47,48,49,50,51,52,53,54,55,56,57,58,59",
                        "startColumns": "4,4,4,4,4,4,4,4,4,4,4,4,4,4,4,4,4,4,4,4,4,4,4,4,4,4,4,4,4,4,4,4,4,4,4,4,4,4,4,4,4,4,4,4,4,4,4,4,4,4,4,4,4,4,4",
                        "startOffsets": "55,214,296,393,522,606,669,759,828,888,979,1043,1102,1169,1231,1286,1409,1467,1528,1583,1655,1792,1873,1955,2055,2129,2203,2289,2356,2422,2493,2570,2651,2724,2798,2868,2942,3028,3102,3191,3283,3357,3430,3519,3570,3637,3720,3804,3866,3930,3993,4087,4194,4287,4392",
                        "endLines": "5,6,7,8,9,10,11,12,13,14,15,16,17,18,19,20,21,22,23,24,25,26,27,28,29,30,31,32,33,34,35,36,37,38,39,40,41,42,43,44,45,46,47,48,49,50,51,52,53,54,55,56,57,58,59",
                        "endColumns": "12,81,96,128,83,62,89,68,59,90,63,58,66,61,54,122,57,60,54,71,136,80,81,99,73,73,85,66,65,70,76,80,72,73,69,73,85,73,88,91,73,72,88,50,66,82,83,61,63,62,93,106,92,104,77",
                        "endOffsets": "209,291,388,517,601,664,754,823,883,974,1038,1097,1164,1226,1281,1404,1462,1523,1578,1650,1787,1868,1950,2050,2124,2198,2284,2351,2417,2488,2565,2646,2719,2793,2863,2937,3023,3097,3186,3278,3352,3425,3514,3565,3632,3715,3799,3861,3925,3988,4082,4189,4282,4387,4465"
                    },
                    "to": {
                        "startLines": "2,33,34,35,36,56,57,61,62,63,64,65,66,67,68,69,70,71,72,73,74,75,76,77,78,79,80,81,82,83,84,85,86,87,88,89,90,91,92,93,94,95,96,97,98,99,100,101,102,103,104,105,106,107,108",
                        "startColumns": "4,4,4,4,4,4,4,4,4,4,4,4,4,4,4,4,4,4,4,4,4,4,4,4,4,4,4,4,4,4,4,4,4,4,4,4,4,4,4,4,4,4,4,4,4,4,4,4,4,4,4,4,4,4,4",
                        "startOffsets": "105,2954,3036,3133,3262,5671,5734,6135,6204,6264,6355,6419,6478,6545,6607,6662,6785,6843,6904,6959,7031,7168,7249,7331,7431,7505,7579,7665,7732,7798,7869,7946,8027,8100,8174,8244,8318,8404,8478,8567,8659,8733,8806,8895,8946,9013,9096,9180,9242,9306,9369,9463,9570,9663,9768",
                        "endLines": "5,33,34,35,36,56,57,61,62,63,64,65,66,67,68,69,70,71,72,73,74,75,76,77,78,79,80,81,82,83,84,85,86,87,88,89,90,91,92,93,94,95,96,97,98,99,100,101,102,103,104,105,106,107,108",
                        "endColumns": "12,81,96,128,83,62,89,68,59,90,63,58,66,61,54,122,57,60,54,71,136,80,81,99,73,73,85,66,65,70,76,80,72,73,69,73,85,73,88,91,73,72,88,50,66,82,83,61,63,62,93,106,92,104,77",
                        "endOffsets": "259,3031,3128,3257,3341,5729,5819,6199,6259,6350,6414,6473,6540,6602,6657,6780,6838,6899,6954,7026,7163,7244,7326,7426,7500,7574,7660,7727,7793,7864,7941,8022,8095,8169,8239,8313,8399,8473,8562,8654,8728,8801,8890,8941,9008,9091,9175,9237,9301,9364,9458,9565,9658,9763,9841"
                    }
                }
            ]
        }
    ]
}