{
    "logs": [
        {
            "outputFile": "com.aigs.junctionbox.app-mergeDebugResources-28:/values-es/values-es.xml",
            "map": [
                {
                    "source": "/Users/hrishikeshprateek/.gradle/caches/transforms-3/49c827b69fa8a7f7c64c8edf0f9f028b/transformed/play-services-basement-18.0.0/res/values-es/values.xml",
                    "from": {
                        "startLines": "4",
                        "startColumns": "0",
                        "startOffsets": "195",
                        "endColumns": "155",
                        "endOffsets": "350"
                    },
                    "to": {
                        "startLines": "45",
                        "startColumns": "4",
                        "startOffsets": "4444",
                        "endColumns": "159",
                        "endOffsets": "4599"
                    }
                },
                {
                    "source": "/Users/hrishikeshprateek/.gradle/caches/transforms-3/c395e7e1015ee83acecf070a1d54b71a/transformed/core-1.7.0/res/values-es/values-es.xml",
                    "from": {
                        "startLines": "2",
                        "startColumns": "4",
                        "startOffsets": "55",
                        "endColumns": "100",
                        "endOffsets": "151"
                    },
                    "to": {
                        "startLines": "110",
                        "startColumns": "4",
                        "startOffsets": "10298",
                        "endColumns": "100",
                        "endOffsets": "10394"
                    }
                },
                {
                    "source": "/Users/hrishikeshprateek/.gradle/caches/transforms-3/7dd72130baac917b63f1fe236247c70e/transformed/browser-1.4.0/res/values-es/values-es.xml",
                    "from": {
                        "startLines": "2,3,4,5",
                        "startColumns": "4,4,4,4",
                        "startOffsets": "55,162,263,378",
                        "endColumns": "106,100,114,104",
                        "endOffsets": "157,258,373,478"
                    },
                    "to": {
                        "startLines": "55,58,59,60",
                        "startColumns": "4,4,4,4",
                        "startOffsets": "5745,6012,6113,6228",
                        "endColumns": "106,100,114,104",
                        "endOffsets": "5847,6108,6223,6328"
                    }
                },
                {
                    "source": "/Users/hrishikeshprateek/.gradle/caches/transforms-3/394bb91a0dbf29de2a48cd3ef978c15e/transformed/appcompat-1.4.2/res/values-es/values-es.xml",
                    "from": {
                        "startLines": "2,3,4,5,6,7,8,9,10,11,12,13,14,15,16,17,18,19,20,21,22,23,24,25,26,27,28,29",
                        "startColumns": "4,4,4,4,4,4,4,4,4,4,4,4,4,4,4,4,4,4,4,4,4,4,4,4,4,4,4,4",
                        "startOffsets": "105,207,320,428,513,614,742,828,909,1001,1095,1192,1286,1386,1480,1576,1672,1764,1856,1938,2045,2156,2255,2363,2471,2578,2737,2836",
                        "endColumns": "101,112,107,84,100,127,85,80,91,93,96,93,99,93,95,95,91,91,81,106,110,98,107,107,106,158,98,82",
                        "endOffsets": "202,315,423,508,609,737,823,904,996,1090,1187,1281,1381,1475,1571,1667,1759,1851,1933,2040,2151,2250,2358,2466,2573,2732,2831,2914"
                    },
                    "to": {
                        "startLines": "6,7,8,9,10,11,12,13,14,15,16,17,18,19,20,21,22,23,24,25,26,27,28,29,30,31,32,109",
                        "startColumns": "4,4,4,4,4,4,4,4,4,4,4,4,4,4,4,4,4,4,4,4,4,4,4,4,4,4,4,4",
                        "startOffsets": "283,385,498,606,691,792,920,1006,1087,1179,1273,1370,1464,1564,1658,1754,1850,1942,2034,2116,2223,2334,2433,2541,2649,2756,2915,10215",
                        "endColumns": "101,112,107,84,100,127,85,80,91,93,96,93,99,93,95,95,91,91,81,106,110,98,107,107,106,158,98,82",
                        "endOffsets": "380,493,601,686,787,915,1001,1082,1174,1268,1365,1459,1559,1653,1749,1845,1937,2029,2111,2218,2329,2428,2536,2644,2751,2910,3009,10293"
                    }
                },
                {
                    "source": "/Users/hrishikeshprateek/.gradle/caches/transforms-3/12a739d4a1f4d0799a8dabc3595aa692/transformed/material-1.6.1/res/values-es/values-es.xml",
                    "from": {
                        "startLines": "2,6,7,8,9,10,11,12,13,14,15,16,17,18,19,20,21,22,23,24,25,26,27,28,29,30,31,32,33,34,35,36,37,38,39,40,41,42,43,44,45,46,47,48,49,50,51,52,53,54,55,56,57,58,59",
                        "startColumns": "4,4,4,4,4,4,4,4,4,4,4,4,4,4,4,4,4,4,4,4,4,4,4,4,4,4,4,4,4,4,4,4,4,4,4,4,4,4,4,4,4,4,4,4,4,4,4,4,4,4,4,4,4,4,4",
                        "startOffsets": "55,233,320,424,546,627,692,787,868,931,1020,1089,1152,1226,1290,1346,1464,1522,1584,1640,1720,1859,1948,2030,2141,2222,2302,2392,2459,2525,2604,2686,2774,2848,2925,2995,3074,3158,3242,3334,3434,3508,3589,3691,3744,3811,3904,3993,4055,4119,4182,4295,4388,4492,4586",
                        "endLines": "5,6,7,8,9,10,11,12,13,14,15,16,17,18,19,20,21,22,23,24,25,26,27,28,29,30,31,32,33,34,35,36,37,38,39,40,41,42,43,44,45,46,47,48,49,50,51,52,53,54,55,56,57,58,59",
                        "endColumns": "12,86,103,121,80,64,94,80,62,88,68,62,73,63,55,117,57,61,55,79,138,88,81,110,80,79,89,66,65,78,81,87,73,76,69,78,83,83,91,99,73,80,101,52,66,92,88,61,63,62,112,92,103,93,82",
                        "endOffsets": "228,315,419,541,622,687,782,863,926,1015,1084,1147,1221,1285,1341,1459,1517,1579,1635,1715,1854,1943,2025,2136,2217,2297,2387,2454,2520,2599,2681,2769,2843,2920,2990,3069,3153,3237,3329,3429,3503,3584,3686,3739,3806,3899,3988,4050,4114,4177,4290,4383,4487,4581,4664"
                    },
                    "to": {
                        "startLines": "2,33,34,35,36,56,57,61,62,63,64,65,66,67,68,69,70,71,72,73,74,75,76,77,78,79,80,81,82,83,84,85,86,87,88,89,90,91,92,93,94,95,96,97,98,99,100,101,102,103,104,105,106,107,108",
                        "startColumns": "4,4,4,4,4,4,4,4,4,4,4,4,4,4,4,4,4,4,4,4,4,4,4,4,4,4,4,4,4,4,4,4,4,4,4,4,4,4,4,4,4,4,4,4,4,4,4,4,4,4,4,4,4,4,4",
                        "startOffsets": "105,3014,3101,3205,3327,5852,5917,6333,6414,6477,6566,6635,6698,6772,6836,6892,7010,7068,7130,7186,7266,7405,7494,7576,7687,7768,7848,7938,8005,8071,8150,8232,8320,8394,8471,8541,8620,8704,8788,8880,8980,9054,9135,9237,9290,9357,9450,9539,9601,9665,9728,9841,9934,10038,10132",
                        "endLines": "5,33,34,35,36,56,57,61,62,63,64,65,66,67,68,69,70,71,72,73,74,75,76,77,78,79,80,81,82,83,84,85,86,87,88,89,90,91,92,93,94,95,96,97,98,99,100,101,102,103,104,105,106,107,108",
                        "endColumns": "12,86,103,121,80,64,94,80,62,88,68,62,73,63,55,117,57,61,55,79,138,88,81,110,80,79,89,66,65,78,81,87,73,76,69,78,83,83,91,99,73,80,101,52,66,92,88,61,63,62,112,92,103,93,82",
                        "endOffsets": "278,3096,3200,3322,3403,5912,6007,6409,6472,6561,6630,6693,6767,6831,6887,7005,7063,7125,7181,7261,7400,7489,7571,7682,7763,7843,7933,8000,8066,8145,8227,8315,8389,8466,8536,8615,8699,8783,8875,8975,9049,9130,9232,9285,9352,9445,9534,9596,9660,9723,9836,9929,10033,10127,10210"
                    }
                },
                {
                    "source": "/Users/hrishikeshprateek/.gradle/caches/transforms-3/2e555aa60c2973d1a450e632503526ba/transformed/play-services-base-18.0.1/res/values-es/values.xml",
                    "from": {
                        "startLines": "4,5,6,7,8,9,10,11,12,13,14,15,16,17,18,19,20",
                        "startColumns": "0,0,0,0,0,0,0,0,0,0,0,0,0,0,0,0,0",
                        "startOffsets": "193,297,456,583,687,844,973,1091,1197,1385,1490,1651,1779,1940,2093,2156,2221",
                        "endColumns": "103,158,126,103,156,128,117,105,187,104,160,127,160,152,62,64,80",
                        "endOffsets": "296,455,582,686,843,972,1090,1196,1384,1489,1650,1778,1939,2092,2155,2220,2301"
                    },
                    "to": {
                        "startLines": "37,38,39,40,41,42,43,44,46,47,48,49,50,51,52,53,54",
                        "startColumns": "4,4,4,4,4,4,4,4,4,4,4,4,4,4,4,4,4",
                        "startOffsets": "3408,3516,3679,3810,3918,4079,4212,4334,4604,4796,4905,5070,5202,5367,5524,5591,5660",
                        "endColumns": "107,162,130,107,160,132,121,109,191,108,164,131,164,156,66,68,84",
                        "endOffsets": "3511,3674,3805,3913,4074,4207,4329,4439,4791,4900,5065,5197,5362,5519,5586,5655,5740"
                    }
                }
            ]
        }
    ]
}