{
    "logs": [
        {
            "outputFile": "com.aigs.junctionbox.app-mergeDebugResources-28:/values-te/values-te.xml",
            "map": [
                {
                    "source": "/Users/hrishikeshprateek/.gradle/caches/transforms-3/49c827b69fa8a7f7c64c8edf0f9f028b/transformed/play-services-basement-18.0.0/res/values-te/values.xml",
                    "from": {
                        "startLines": "4",
                        "startColumns": "0",
                        "startOffsets": "195",
                        "endColumns": "135",
                        "endOffsets": "330"
                    },
                    "to": {
                        "startLines": "45",
                        "startColumns": "4",
                        "startOffsets": "4406",
                        "endColumns": "139",
                        "endOffsets": "4541"
                    }
                },
                {
                    "source": "/Users/hrishikeshprateek/.gradle/caches/transforms-3/7dd72130baac917b63f1fe236247c70e/transformed/browser-1.4.0/res/values-te/values-te.xml",
                    "from": {
                        "startLines": "2,3,4,5",
                        "startColumns": "4,4,4,4",
                        "startOffsets": "55,166,272,383",
                        "endColumns": "110,105,110,106",
                        "endOffsets": "161,267,378,485"
                    },
                    "to": {
                        "startLines": "55,58,59,60",
                        "startColumns": "4,4,4,4",
                        "startOffsets": "5622,5893,5999,6110",
                        "endColumns": "110,105,110,106",
                        "endOffsets": "5728,5994,6105,6212"
                    }
                },
                {
                    "source": "/Users/hrishikeshprateek/.gradle/caches/transforms-3/394bb91a0dbf29de2a48cd3ef978c15e/transformed/appcompat-1.4.2/res/values-te/values-te.xml",
                    "from": {
                        "startLines": "2,3,4,5,6,7,8,9,10,11,12,13,14,15,16,17,18,19,20,21,22,23,24,25,26,27,28,29",
                        "startColumns": "4,4,4,4,4,4,4,4,4,4,4,4,4,4,4,4,4,4,4,4,4,4,4,4,4,4,4,4",
                        "startOffsets": "105,222,334,447,537,642,761,839,915,1006,1099,1194,1288,1388,1481,1576,1671,1762,1853,1942,2056,2160,2259,2374,2479,2594,2756,2859",
                        "endColumns": "116,111,112,89,104,118,77,75,90,92,94,93,99,92,94,94,90,90,88,113,103,98,114,104,114,161,102,82",
                        "endOffsets": "217,329,442,532,637,756,834,910,1001,1094,1189,1283,1383,1476,1571,1666,1757,1848,1937,2051,2155,2254,2369,2474,2589,2751,2854,2937"
                    },
                    "to": {
                        "startLines": "6,7,8,9,10,11,12,13,14,15,16,17,18,19,20,21,22,23,24,25,26,27,28,29,30,31,32,109",
                        "startColumns": "4,4,4,4,4,4,4,4,4,4,4,4,4,4,4,4,4,4,4,4,4,4,4,4,4,4,4,4",
                        "startOffsets": "281,398,510,623,713,818,937,1015,1091,1182,1275,1370,1464,1564,1657,1752,1847,1938,2029,2118,2232,2336,2435,2550,2655,2770,2932,10099",
                        "endColumns": "116,111,112,89,104,118,77,75,90,92,94,93,99,92,94,94,90,90,88,113,103,98,114,104,114,161,102,82",
                        "endOffsets": "393,505,618,708,813,932,1010,1086,1177,1270,1365,1459,1559,1652,1747,1842,1933,2024,2113,2227,2331,2430,2545,2650,2765,2927,3030,10177"
                    }
                },
                {
                    "source": "/Users/hrishikeshprateek/.gradle/caches/transforms-3/c395e7e1015ee83acecf070a1d54b71a/transformed/core-1.7.0/res/values-te/values-te.xml",
                    "from": {
                        "startLines": "2",
                        "startColumns": "4",
                        "startOffsets": "55",
                        "endColumns": "100",
                        "endOffsets": "151"
                    },
                    "to": {
                        "startLines": "110",
                        "startColumns": "4",
                        "startOffsets": "10182",
                        "endColumns": "100",
                        "endOffsets": "10278"
                    }
                },
                {
                    "source": "/Users/hrishikeshprateek/.gradle/caches/transforms-3/2e555aa60c2973d1a450e632503526ba/transformed/play-services-base-18.0.1/res/values-te/values.xml",
                    "from": {
                        "startLines": "4,5,6,7,8,9,10,11,12,13,14,15,16,17,18,19,20",
                        "startColumns": "0,0,0,0,0,0,0,0,0,0,0,0,0,0,0,0,0",
                        "startOffsets": "193,299,449,575,686,819,940,1041,1137,1282,1390,1539,1667,1814,1973,2033,2099",
                        "endColumns": "105,149,125,110,132,120,100,95,144,107,148,127,146,158,59,65,77",
                        "endOffsets": "298,448,574,685,818,939,1040,1136,1281,1389,1538,1666,1813,1972,2032,2098,2176"
                    },
                    "to": {
                        "startLines": "37,38,39,40,41,42,43,44,46,47,48,49,50,51,52,53,54",
                        "startColumns": "4,4,4,4,4,4,4,4,4,4,4,4,4,4,4,4,4",
                        "startOffsets": "3430,3540,3694,3824,3939,4076,4201,4306,4546,4695,4807,4960,5092,5243,5406,5470,5540",
                        "endColumns": "109,153,129,114,136,124,104,99,148,111,152,131,150,162,63,69,81",
                        "endOffsets": "3535,3689,3819,3934,4071,4196,4301,4401,4690,4802,4955,5087,5238,5401,5465,5535,5617"
                    }
                },
                {
                    "source": "/Users/hrishikeshprateek/.gradle/caches/transforms-3/12a739d4a1f4d0799a8dabc3595aa692/transformed/material-1.6.1/res/values-te/values-te.xml",
                    "from": {
                        "startLines": "2,6,7,8,9,10,11,12,13,14,15,16,17,18,19,20,21,22,23,24,25,26,27,28,29,30,31,32,33,34,35,36,37,38,39,40,41,42,43,44,45,46,47,48,49,50,51,52,53,54,55,56,57,58,59",
                        "startColumns": "4,4,4,4,4,4,4,4,4,4,4,4,4,4,4,4,4,4,4,4,4,4,4,4,4,4,4,4,4,4,4,4,4,4,4,4,4,4,4,4,4,4,4,4,4,4,4,4,4,4,4,4,4,4,4",
                        "startOffsets": "55,231,317,421,537,626,692,786,853,915,1008,1076,1139,1213,1278,1332,1453,1510,1572,1626,1705,1833,1921,2013,2128,2208,2290,2378,2445,2511,2586,2664,2754,2827,2903,2984,3053,3158,3235,3326,3419,3493,3570,3662,3717,3783,3867,3953,4016,4081,4145,4255,4367,4466,4585",
                        "endLines": "5,6,7,8,9,10,11,12,13,14,15,16,17,18,19,20,21,22,23,24,25,26,27,28,29,30,31,32,33,34,35,36,37,38,39,40,41,42,43,44,45,46,47,48,49,50,51,52,53,54,55,56,57,58,59",
                        "endColumns": "12,85,103,115,88,65,93,66,61,92,67,62,73,64,53,120,56,61,53,78,127,87,91,114,79,81,87,66,65,74,77,89,72,75,80,68,104,76,90,92,73,76,91,54,65,83,85,62,64,63,109,111,98,118,82",
                        "endOffsets": "226,312,416,532,621,687,781,848,910,1003,1071,1134,1208,1273,1327,1448,1505,1567,1621,1700,1828,1916,2008,2123,2203,2285,2373,2440,2506,2581,2659,2749,2822,2898,2979,3048,3153,3230,3321,3414,3488,3565,3657,3712,3778,3862,3948,4011,4076,4140,4250,4362,4461,4580,4663"
                    },
                    "to": {
                        "startLines": "2,33,34,35,36,56,57,61,62,63,64,65,66,67,68,69,70,71,72,73,74,75,76,77,78,79,80,81,82,83,84,85,86,87,88,89,90,91,92,93,94,95,96,97,98,99,100,101,102,103,104,105,106,107,108",
                        "startColumns": "4,4,4,4,4,4,4,4,4,4,4,4,4,4,4,4,4,4,4,4,4,4,4,4,4,4,4,4,4,4,4,4,4,4,4,4,4,4,4,4,4,4,4,4,4,4,4,4,4,4,4,4,4,4,4",
                        "startOffsets": "105,3035,3121,3225,3341,5733,5799,6217,6284,6346,6439,6507,6570,6644,6709,6763,6884,6941,7003,7057,7136,7264,7352,7444,7559,7639,7721,7809,7876,7942,8017,8095,8185,8258,8334,8415,8484,8589,8666,8757,8850,8924,9001,9093,9148,9214,9298,9384,9447,9512,9576,9686,9798,9897,10016",
                        "endLines": "5,33,34,35,36,56,57,61,62,63,64,65,66,67,68,69,70,71,72,73,74,75,76,77,78,79,80,81,82,83,84,85,86,87,88,89,90,91,92,93,94,95,96,97,98,99,100,101,102,103,104,105,106,107,108",
                        "endColumns": "12,85,103,115,88,65,93,66,61,92,67,62,73,64,53,120,56,61,53,78,127,87,91,114,79,81,87,66,65,74,77,89,72,75,80,68,104,76,90,92,73,76,91,54,65,83,85,62,64,63,109,111,98,118,82",
                        "endOffsets": "276,3116,3220,3336,3425,5794,5888,6279,6341,6434,6502,6565,6639,6704,6758,6879,6936,6998,7052,7131,7259,7347,7439,7554,7634,7716,7804,7871,7937,8012,8090,8180,8253,8329,8410,8479,8584,8661,8752,8845,8919,8996,9088,9143,9209,9293,9379,9442,9507,9571,9681,9793,9892,10011,10094"
                    }
                }
            ]
        }
    ]
}