{
    "logs": [
        {
            "outputFile": "com.aigs.junctionbox.app-mergeDebugResources-28:/values-km/values-km.xml",
            "map": [
                {
                    "source": "/Users/hrishikeshprateek/.gradle/caches/transforms-3/2e555aa60c2973d1a450e632503526ba/transformed/play-services-base-18.0.1/res/values-km/values.xml",
                    "from": {
                        "startLines": "4,5,6,7,8,9,10,11,12,13,14,15,16,17,18,19,20",
                        "startColumns": "0,0,0,0,0,0,0,0,0,0,0,0,0,0,0,0,0",
                        "startOffsets": "193,291,442,559,660,818,938,1055,1160,1314,1427,1594,1715,1856,2010,2070,2124",
                        "endColumns": "97,150,116,100,157,119,116,104,153,112,166,120,140,153,59,53,72",
                        "endOffsets": "290,441,558,659,817,937,1054,1159,1313,1426,1593,1714,1855,2009,2069,2123,2196"
                    },
                    "to": {
                        "startLines": "37,38,39,40,41,42,43,44,46,47,48,49,50,51,52,53,54",
                        "startColumns": "4,4,4,4,4,4,4,4,4,4,4,4,4,4,4,4,4",
                        "startOffsets": "3334,3436,3591,3712,3817,3979,4103,4224,4482,4640,4757,4928,5053,5198,5356,5420,5478",
                        "endColumns": "101,154,120,104,161,123,120,108,157,116,170,124,144,157,63,57,76",
                        "endOffsets": "3431,3586,3707,3812,3974,4098,4219,4328,4635,4752,4923,5048,5193,5351,5415,5473,5550"
                    }
                },
                {
                    "source": "/Users/hrishikeshprateek/.gradle/caches/transforms-3/49c827b69fa8a7f7c64c8edf0f9f028b/transformed/play-services-basement-18.0.0/res/values-km/values.xml",
                    "from": {
                        "startLines": "4",
                        "startColumns": "0",
                        "startOffsets": "195",
                        "endColumns": "144",
                        "endOffsets": "339"
                    },
                    "to": {
                        "startLines": "45",
                        "startColumns": "4",
                        "startOffsets": "4333",
                        "endColumns": "148",
                        "endOffsets": "4477"
                    }
                },
                {
                    "source": "/Users/hrishikeshprateek/.gradle/caches/transforms-3/7dd72130baac917b63f1fe236247c70e/transformed/browser-1.4.0/res/values-km/values-km.xml",
                    "from": {
                        "startLines": "2,3,4,5",
                        "startColumns": "4,4,4,4",
                        "startOffsets": "55,152,249,382",
                        "endColumns": "96,96,132,99",
                        "endOffsets": "147,244,377,477"
                    },
                    "to": {
                        "startLines": "55,58,59,60",
                        "startColumns": "4,4,4,4",
                        "startOffsets": "5555,5811,5908,6041",
                        "endColumns": "96,96,132,99",
                        "endOffsets": "5647,5903,6036,6136"
                    }
                },
                {
                    "source": "/Users/hrishikeshprateek/.gradle/caches/transforms-3/394bb91a0dbf29de2a48cd3ef978c15e/transformed/appcompat-1.4.2/res/values-km/values-km.xml",
                    "from": {
                        "startLines": "2,3,4,5,6,7,8,9,10,11,12,13,14,15,16,17,18,19,20,21,22,23,24,25,26,27,28,29",
                        "startColumns": "4,4,4,4,4,4,4,4,4,4,4,4,4,4,4,4,4,4,4,4,4,4,4,4,4,4,4,4",
                        "startOffsets": "105,207,306,416,503,606,727,805,881,972,1065,1157,1251,1351,1444,1539,1633,1724,1815,1898,2002,2106,2206,2315,2424,2533,2695,2793",
                        "endColumns": "101,98,109,86,102,120,77,75,90,92,91,93,99,92,94,93,90,90,82,103,103,99,108,108,108,161,97,83",
                        "endOffsets": "202,301,411,498,601,722,800,876,967,1060,1152,1246,1346,1439,1534,1628,1719,1810,1893,1997,2101,2201,2310,2419,2528,2690,2788,2872"
                    },
                    "to": {
                        "startLines": "6,7,8,9,10,11,12,13,14,15,16,17,18,19,20,21,22,23,24,25,26,27,28,29,30,31,32,109",
                        "startColumns": "4,4,4,4,4,4,4,4,4,4,4,4,4,4,4,4,4,4,4,4,4,4,4,4,4,4,4,4",
                        "startOffsets": "274,376,475,585,672,775,896,974,1050,1141,1234,1326,1420,1520,1613,1708,1802,1893,1984,2067,2171,2275,2375,2484,2593,2702,2864,9957",
                        "endColumns": "101,98,109,86,102,120,77,75,90,92,91,93,99,92,94,93,90,90,82,103,103,99,108,108,108,161,97,83",
                        "endOffsets": "371,470,580,667,770,891,969,1045,1136,1229,1321,1415,1515,1608,1703,1797,1888,1979,2062,2166,2270,2370,2479,2588,2697,2859,2957,10036"
                    }
                },
                {
                    "source": "/Users/hrishikeshprateek/.gradle/caches/transforms-3/c395e7e1015ee83acecf070a1d54b71a/transformed/core-1.7.0/res/values-km/values-km.xml",
                    "from": {
                        "startLines": "2",
                        "startColumns": "4",
                        "startOffsets": "55",
                        "endColumns": "100",
                        "endOffsets": "151"
                    },
                    "to": {
                        "startLines": "110",
                        "startColumns": "4",
                        "startOffsets": "10041",
                        "endColumns": "100",
                        "endOffsets": "10137"
                    }
                },
                {
                    "source": "/Users/hrishikeshprateek/.gradle/caches/transforms-3/12a739d4a1f4d0799a8dabc3595aa692/transformed/material-1.6.1/res/values-km/values-km.xml",
                    "from": {
                        "startLines": "2,6,7,8,9,10,11,12,13,14,15,16,17,18,19,20,21,22,23,24,25,26,27,28,29,30,31,32,33,34,35,36,37,38,39,40,41,42,43,44,45,46,47,48,49,50,51,52,53,54,55,56,57,58,59",
                        "startColumns": "4,4,4,4,4,4,4,4,4,4,4,4,4,4,4,4,4,4,4,4,4,4,4,4,4,4,4,4,4,4,4,4,4,4,4,4,4,4,4,4,4,4,4,4,4,4,4,4,4,4,4,4,4,4,4",
                        "startOffsets": "55,224,304,404,516,596,661,755,825,887,974,1039,1098,1163,1224,1281,1400,1458,1519,1576,1647,1777,1863,1941,2049,2124,2195,2292,2359,2425,2505,2595,2681,2760,2837,2907,2982,3070,3140,3240,3339,3413,3489,3596,3650,3723,3814,3910,3972,4036,4099,4198,4296,4388,4488",
                        "endLines": "5,6,7,8,9,10,11,12,13,14,15,16,17,18,19,20,21,22,23,24,25,26,27,28,29,30,31,32,33,34,35,36,37,38,39,40,41,42,43,44,45,46,47,48,49,50,51,52,53,54,55,56,57,58,59",
                        "endColumns": "12,79,99,111,79,64,93,69,61,86,64,58,64,60,56,118,57,60,56,70,129,85,77,107,74,70,96,66,65,79,89,85,78,76,69,74,87,69,99,98,73,75,106,53,72,90,95,61,63,62,98,97,91,99,82",
                        "endOffsets": "219,299,399,511,591,656,750,820,882,969,1034,1093,1158,1219,1276,1395,1453,1514,1571,1642,1772,1858,1936,2044,2119,2190,2287,2354,2420,2500,2590,2676,2755,2832,2902,2977,3065,3135,3235,3334,3408,3484,3591,3645,3718,3809,3905,3967,4031,4094,4193,4291,4383,4483,4566"
                    },
                    "to": {
                        "startLines": "2,33,34,35,36,56,57,61,62,63,64,65,66,67,68,69,70,71,72,73,74,75,76,77,78,79,80,81,82,83,84,85,86,87,88,89,90,91,92,93,94,95,96,97,98,99,100,101,102,103,104,105,106,107,108",
                        "startColumns": "4,4,4,4,4,4,4,4,4,4,4,4,4,4,4,4,4,4,4,4,4,4,4,4,4,4,4,4,4,4,4,4,4,4,4,4,4,4,4,4,4,4,4,4,4,4,4,4,4,4,4,4,4,4,4",
                        "startOffsets": "105,2962,3042,3142,3254,5652,5717,6141,6211,6273,6360,6425,6484,6549,6610,6667,6786,6844,6905,6962,7033,7163,7249,7327,7435,7510,7581,7678,7745,7811,7891,7981,8067,8146,8223,8293,8368,8456,8526,8626,8725,8799,8875,8982,9036,9109,9200,9296,9358,9422,9485,9584,9682,9774,9874",
                        "endLines": "5,33,34,35,36,56,57,61,62,63,64,65,66,67,68,69,70,71,72,73,74,75,76,77,78,79,80,81,82,83,84,85,86,87,88,89,90,91,92,93,94,95,96,97,98,99,100,101,102,103,104,105,106,107,108",
                        "endColumns": "12,79,99,111,79,64,93,69,61,86,64,58,64,60,56,118,57,60,56,70,129,85,77,107,74,70,96,66,65,79,89,85,78,76,69,74,87,69,99,98,73,75,106,53,72,90,95,61,63,62,98,97,91,99,82",
                        "endOffsets": "269,3037,3137,3249,3329,5712,5806,6206,6268,6355,6420,6479,6544,6605,6662,6781,6839,6900,6957,7028,7158,7244,7322,7430,7505,7576,7673,7740,7806,7886,7976,8062,8141,8218,8288,8363,8451,8521,8621,8720,8794,8870,8977,9031,9104,9195,9291,9353,9417,9480,9579,9677,9769,9869,9952"
                    }
                }
            ]
        }
    ]
}