{
    "logs": [
        {
            "outputFile": "com.aigs.junctionbox.app-mergeDebugResources-28:/values-it/values-it.xml",
            "map": [
                {
                    "source": "/Users/hrishikeshprateek/.gradle/caches/transforms-3/49c827b69fa8a7f7c64c8edf0f9f028b/transformed/play-services-basement-18.0.0/res/values-it/values.xml",
                    "from": {
                        "startLines": "4",
                        "startColumns": "0",
                        "startOffsets": "195",
                        "endColumns": "131",
                        "endOffsets": "326"
                    },
                    "to": {
                        "startLines": "45",
                        "startColumns": "4",
                        "startOffsets": "4365",
                        "endColumns": "135",
                        "endOffsets": "4496"
                    }
                },
                {
                    "source": "/Users/hrishikeshprateek/.gradle/caches/transforms-3/394bb91a0dbf29de2a48cd3ef978c15e/transformed/appcompat-1.4.2/res/values-it/values-it.xml",
                    "from": {
                        "startLines": "2,3,4,5,6,7,8,9,10,11,12,13,14,15,16,17,18,19,20,21,22,23,24,25,26,27,28,29",
                        "startColumns": "4,4,4,4,4,4,4,4,4,4,4,4,4,4,4,4,4,4,4,4,4,4,4,4,4,4,4,4",
                        "startOffsets": "105,210,313,422,506,611,730,808,883,975,1069,1162,1256,1357,1451,1548,1643,1735,1827,1908,2014,2121,2219,2323,2429,2536,2699,2799",
                        "endColumns": "104,102,108,83,104,118,77,74,91,93,92,93,100,93,96,94,91,91,80,105,106,97,103,105,106,162,99,81",
                        "endOffsets": "205,308,417,501,606,725,803,878,970,1064,1157,1251,1352,1446,1543,1638,1730,1822,1903,2009,2116,2214,2318,2424,2531,2694,2794,2876"
                    },
                    "to": {
                        "startLines": "6,7,8,9,10,11,12,13,14,15,16,17,18,19,20,21,22,23,24,25,26,27,28,29,30,31,32,109",
                        "startColumns": "4,4,4,4,4,4,4,4,4,4,4,4,4,4,4,4,4,4,4,4,4,4,4,4,4,4,4,4",
                        "startOffsets": "273,378,481,590,674,779,898,976,1051,1143,1237,1330,1424,1525,1619,1716,1811,1903,1995,2076,2182,2289,2387,2491,2597,2704,2867,10034",
                        "endColumns": "104,102,108,83,104,118,77,74,91,93,92,93,100,93,96,94,91,91,80,105,106,97,103,105,106,162,99,81",
                        "endOffsets": "373,476,585,669,774,893,971,1046,1138,1232,1325,1419,1520,1614,1711,1806,1898,1990,2071,2177,2284,2382,2486,2592,2699,2862,2962,10111"
                    }
                },
                {
                    "source": "/Users/hrishikeshprateek/.gradle/caches/transforms-3/2e555aa60c2973d1a450e632503526ba/transformed/play-services-base-18.0.1/res/values-it/values.xml",
                    "from": {
                        "startLines": "4,5,6,7,8,9,10,11,12,13,14,15,16,17,18,19,20",
                        "startColumns": "0,0,0,0,0,0,0,0,0,0,0,0,0,0,0,0,0",
                        "startOffsets": "193,294,441,562,666,820,944,1060,1160,1313,1416,1566,1689,1841,2018,2081,2138",
                        "endColumns": "100,146,120,103,153,123,115,99,152,102,149,122,151,176,62,56,72",
                        "endOffsets": "293,440,561,665,819,943,1059,1159,1312,1415,1565,1688,1840,2017,2080,2137,2210"
                    },
                    "to": {
                        "startLines": "37,38,39,40,41,42,43,44,46,47,48,49,50,51,52,53,54",
                        "startColumns": "4,4,4,4,4,4,4,4,4,4,4,4,4,4,4,4,4",
                        "startOffsets": "3366,3471,3622,3747,3855,4013,4141,4261,4501,4658,4765,4919,5046,5202,5383,5450,5511",
                        "endColumns": "104,150,124,107,157,127,119,103,156,106,153,126,155,180,66,60,76",
                        "endOffsets": "3466,3617,3742,3850,4008,4136,4256,4360,4653,4760,4914,5041,5197,5378,5445,5506,5583"
                    }
                },
                {
                    "source": "/Users/hrishikeshprateek/.gradle/caches/transforms-3/c395e7e1015ee83acecf070a1d54b71a/transformed/core-1.7.0/res/values-it/values-it.xml",
                    "from": {
                        "startLines": "2",
                        "startColumns": "4",
                        "startOffsets": "55",
                        "endColumns": "100",
                        "endOffsets": "151"
                    },
                    "to": {
                        "startLines": "110",
                        "startColumns": "4",
                        "startOffsets": "10116",
                        "endColumns": "100",
                        "endOffsets": "10212"
                    }
                },
                {
                    "source": "/Users/hrishikeshprateek/.gradle/caches/transforms-3/12a739d4a1f4d0799a8dabc3595aa692/transformed/material-1.6.1/res/values-it/values-it.xml",
                    "from": {
                        "startLines": "2,6,7,8,9,10,11,12,13,14,15,16,17,18,19,20,21,22,23,24,25,26,27,28,29,30,31,32,33,34,35,36,37,38,39,40,41,42,43,44,45,46,47,48,49,50,51,52,53,54,55,56,57,58,59",
                        "startColumns": "4,4,4,4,4,4,4,4,4,4,4,4,4,4,4,4,4,4,4,4,4,4,4,4,4,4,4,4,4,4,4,4,4,4,4,4,4,4,4,4,4,4,4,4,4,4,4,4,4,4,4,4,4,4,4",
                        "startOffsets": "55,223,300,399,539,622,688,783,868,930,1018,1087,1150,1223,1286,1340,1461,1518,1580,1634,1711,1848,1933,2015,2120,2201,2282,2373,2440,2506,2579,2659,2750,2825,2902,2971,3048,3136,3225,3318,3411,3485,3565,3659,3710,3776,3860,3948,4010,4074,4137,4252,4362,4468,4577",
                        "endLines": "5,6,7,8,9,10,11,12,13,14,15,16,17,18,19,20,21,22,23,24,25,26,27,28,29,30,31,32,33,34,35,36,37,38,39,40,41,42,43,44,45,46,47,48,49,50,51,52,53,54,55,56,57,58,59",
                        "endColumns": "12,76,98,139,82,65,94,84,61,87,68,62,72,62,53,120,56,61,53,76,136,84,81,104,80,80,90,66,65,72,79,90,74,76,68,76,87,88,92,92,73,79,93,50,65,83,87,61,63,62,114,109,105,108,79",
                        "endOffsets": "218,295,394,534,617,683,778,863,925,1013,1082,1145,1218,1281,1335,1456,1513,1575,1629,1706,1843,1928,2010,2115,2196,2277,2368,2435,2501,2574,2654,2745,2820,2897,2966,3043,3131,3220,3313,3406,3480,3560,3654,3705,3771,3855,3943,4005,4069,4132,4247,4357,4463,4572,4652"
                    },
                    "to": {
                        "startLines": "2,33,34,35,36,56,57,61,62,63,64,65,66,67,68,69,70,71,72,73,74,75,76,77,78,79,80,81,82,83,84,85,86,87,88,89,90,91,92,93,94,95,96,97,98,99,100,101,102,103,104,105,106,107,108",
                        "startColumns": "4,4,4,4,4,4,4,4,4,4,4,4,4,4,4,4,4,4,4,4,4,4,4,4,4,4,4,4,4,4,4,4,4,4,4,4,4,4,4,4,4,4,4,4,4,4,4,4,4,4,4,4,4,4,4",
                        "startOffsets": "105,2967,3044,3143,3283,5688,5754,6160,6245,6307,6395,6464,6527,6600,6663,6717,6838,6895,6957,7011,7088,7225,7310,7392,7497,7578,7659,7750,7817,7883,7956,8036,8127,8202,8279,8348,8425,8513,8602,8695,8788,8862,8942,9036,9087,9153,9237,9325,9387,9451,9514,9629,9739,9845,9954",
                        "endLines": "5,33,34,35,36,56,57,61,62,63,64,65,66,67,68,69,70,71,72,73,74,75,76,77,78,79,80,81,82,83,84,85,86,87,88,89,90,91,92,93,94,95,96,97,98,99,100,101,102,103,104,105,106,107,108",
                        "endColumns": "12,76,98,139,82,65,94,84,61,87,68,62,72,62,53,120,56,61,53,76,136,84,81,104,80,80,90,66,65,72,79,90,74,76,68,76,87,88,92,92,73,79,93,50,65,83,87,61,63,62,114,109,105,108,79",
                        "endOffsets": "268,3039,3138,3278,3361,5749,5844,6240,6302,6390,6459,6522,6595,6658,6712,6833,6890,6952,7006,7083,7220,7305,7387,7492,7573,7654,7745,7812,7878,7951,8031,8122,8197,8274,8343,8420,8508,8597,8690,8783,8857,8937,9031,9082,9148,9232,9320,9382,9446,9509,9624,9734,9840,9949,10029"
                    }
                },
                {
                    "source": "/Users/hrishikeshprateek/.gradle/caches/transforms-3/7dd72130baac917b63f1fe236247c70e/transformed/browser-1.4.0/res/values-it/values-it.xml",
                    "from": {
                        "startLines": "2,3,4,5",
                        "startColumns": "4,4,4,4",
                        "startOffsets": "55,155,253,363",
                        "endColumns": "99,97,109,102",
                        "endOffsets": "150,248,358,461"
                    },
                    "to": {
                        "startLines": "55,58,59,60",
                        "startColumns": "4,4,4,4",
                        "startOffsets": "5588,5849,5947,6057",
                        "endColumns": "99,97,109,102",
                        "endOffsets": "5683,5942,6052,6155"
                    }
                }
            ]
        }
    ]
}