{
    "logs": [
        {
            "outputFile": "com.aigs.junctionbox.app-mergeDebugResources-28:/values-eu/values-eu.xml",
            "map": [
                {
                    "source": "/Users/hrishikeshprateek/.gradle/caches/transforms-3/394bb91a0dbf29de2a48cd3ef978c15e/transformed/appcompat-1.4.2/res/values-eu/values-eu.xml",
                    "from": {
                        "startLines": "2,3,4,5,6,7,8,9,10,11,12,13,14,15,16,17,18,19,20,21,22,23,24,25,26,27,28,29",
                        "startColumns": "4,4,4,4,4,4,4,4,4,4,4,4,4,4,4,4,4,4,4,4,4,4,4,4,4,4,4,4",
                        "startOffsets": "105,214,312,422,508,614,738,824,905,997,1091,1187,1281,1382,1476,1572,1669,1761,1854,1936,2045,2154,2253,2362,2469,2580,2751,2850",
                        "endColumns": "108,97,109,85,105,123,85,80,91,93,95,93,100,93,95,96,91,92,81,108,108,98,108,106,110,170,98,82",
                        "endOffsets": "209,307,417,503,609,733,819,900,992,1086,1182,1276,1377,1471,1567,1664,1756,1849,1931,2040,2149,2248,2357,2464,2575,2746,2845,2928"
                    },
                    "to": {
                        "startLines": "6,7,8,9,10,11,12,13,14,15,16,17,18,19,20,21,22,23,24,25,26,27,28,29,30,31,32,109",
                        "startColumns": "4,4,4,4,4,4,4,4,4,4,4,4,4,4,4,4,4,4,4,4,4,4,4,4,4,4,4,4",
                        "startOffsets": "280,389,487,597,683,789,913,999,1080,1172,1266,1362,1456,1557,1651,1747,1844,1936,2029,2111,2220,2329,2428,2537,2644,2755,2926,10067",
                        "endColumns": "108,97,109,85,105,123,85,80,91,93,95,93,100,93,95,96,91,92,81,108,108,98,108,106,110,170,98,82",
                        "endOffsets": "384,482,592,678,784,908,994,1075,1167,1261,1357,1451,1552,1646,1742,1839,1931,2024,2106,2215,2324,2423,2532,2639,2750,2921,3020,10145"
                    }
                },
                {
                    "source": "/Users/hrishikeshprateek/.gradle/caches/transforms-3/49c827b69fa8a7f7c64c8edf0f9f028b/transformed/play-services-basement-18.0.0/res/values-eu/values.xml",
                    "from": {
                        "startLines": "4",
                        "startColumns": "0",
                        "startOffsets": "195",
                        "endColumns": "138",
                        "endOffsets": "333"
                    },
                    "to": {
                        "startLines": "45",
                        "startColumns": "4",
                        "startOffsets": "4419",
                        "endColumns": "142",
                        "endOffsets": "4557"
                    }
                },
                {
                    "source": "/Users/hrishikeshprateek/.gradle/caches/transforms-3/2e555aa60c2973d1a450e632503526ba/transformed/play-services-base-18.0.1/res/values-eu/values.xml",
                    "from": {
                        "startLines": "4,5,6,7,8,9,10,11,12,13,14,15,16,17,18,19,20",
                        "startColumns": "0,0,0,0,0,0,0,0,0,0,0,0,0,0,0,0,0",
                        "startOffsets": "193,293,461,581,686,834,955,1075,1179,1353,1457,1616,1740,1890,2046,2108,2169",
                        "endColumns": "99,167,119,104,147,120,119,103,173,103,158,123,149,155,61,60,87",
                        "endOffsets": "292,460,580,685,833,954,1074,1178,1352,1456,1615,1739,1889,2045,2107,2168,2256"
                    },
                    "to": {
                        "startLines": "37,38,39,40,41,42,43,44,46,47,48,49,50,51,52,53,54",
                        "startColumns": "4,4,4,4,4,4,4,4,4,4,4,4,4,4,4,4,4",
                        "startOffsets": "3401,3505,3677,3801,3910,4062,4187,4311,4562,4740,4848,5011,5139,5293,5453,5519,5584",
                        "endColumns": "103,171,123,108,151,124,123,107,177,107,162,127,153,159,65,64,91",
                        "endOffsets": "3500,3672,3796,3905,4057,4182,4306,4414,4735,4843,5006,5134,5288,5448,5514,5579,5671"
                    }
                },
                {
                    "source": "/Users/hrishikeshprateek/.gradle/caches/transforms-3/c395e7e1015ee83acecf070a1d54b71a/transformed/core-1.7.0/res/values-eu/values-eu.xml",
                    "from": {
                        "startLines": "2",
                        "startColumns": "4",
                        "startOffsets": "55",
                        "endColumns": "100",
                        "endOffsets": "151"
                    },
                    "to": {
                        "startLines": "110",
                        "startColumns": "4",
                        "startOffsets": "10150",
                        "endColumns": "100",
                        "endOffsets": "10246"
                    }
                },
                {
                    "source": "/Users/hrishikeshprateek/.gradle/caches/transforms-3/12a739d4a1f4d0799a8dabc3595aa692/transformed/material-1.6.1/res/values-eu/values-eu.xml",
                    "from": {
                        "startLines": "2,6,7,8,9,10,11,12,13,14,15,16,17,18,19,20,21,22,23,24,25,26,27,28,29,30,31,32,33,34,35,36,37,38,39,40,41,42,43,44,45,46,47,48,49,50,51,52,53,54,55,56,57,58,59",
                        "startColumns": "4,4,4,4,4,4,4,4,4,4,4,4,4,4,4,4,4,4,4,4,4,4,4,4,4,4,4,4,4,4,4,4,4,4,4,4,4,4,4,4,4,4,4,4,4,4,4,4,4,4,4,4,4,4,4",
                        "startOffsets": "55,230,310,408,523,606,673,772,840,901,989,1055,1119,1190,1253,1307,1416,1475,1538,1592,1666,1791,1881,1961,2076,2159,2241,2332,2399,2465,2536,2616,2702,2780,2858,2931,3006,3093,3180,3271,3364,3436,3512,3604,3655,3721,3805,3891,3953,4017,4080,4187,4292,4388,4494",
                        "endLines": "5,6,7,8,9,10,11,12,13,14,15,16,17,18,19,20,21,22,23,24,25,26,27,28,29,30,31,32,33,34,35,36,37,38,39,40,41,42,43,44,45,46,47,48,49,50,51,52,53,54,55,56,57,58,59",
                        "endColumns": "12,79,97,114,82,66,98,67,60,87,65,63,70,62,53,108,58,62,53,73,124,89,79,114,82,81,90,66,65,70,79,85,77,77,72,74,86,86,90,92,71,75,91,50,65,83,85,61,63,62,106,104,95,105,82",
                        "endOffsets": "225,305,403,518,601,668,767,835,896,984,1050,1114,1185,1248,1302,1411,1470,1533,1587,1661,1786,1876,1956,2071,2154,2236,2327,2394,2460,2531,2611,2697,2775,2853,2926,3001,3088,3175,3266,3359,3431,3507,3599,3650,3716,3800,3886,3948,4012,4075,4182,4287,4383,4489,4572"
                    },
                    "to": {
                        "startLines": "2,33,34,35,36,56,57,61,62,63,64,65,66,67,68,69,70,71,72,73,74,75,76,77,78,79,80,81,82,83,84,85,86,87,88,89,90,91,92,93,94,95,96,97,98,99,100,101,102,103,104,105,106,107,108",
                        "startColumns": "4,4,4,4,4,4,4,4,4,4,4,4,4,4,4,4,4,4,4,4,4,4,4,4,4,4,4,4,4,4,4,4,4,4,4,4,4,4,4,4,4,4,4,4,4,4,4,4,4,4,4,4,4,4,4",
                        "startOffsets": "105,3025,3105,3203,3318,5776,5843,6262,6330,6391,6479,6545,6609,6680,6743,6797,6906,6965,7028,7082,7156,7281,7371,7451,7566,7649,7731,7822,7889,7955,8026,8106,8192,8270,8348,8421,8496,8583,8670,8761,8854,8926,9002,9094,9145,9211,9295,9381,9443,9507,9570,9677,9782,9878,9984",
                        "endLines": "5,33,34,35,36,56,57,61,62,63,64,65,66,67,68,69,70,71,72,73,74,75,76,77,78,79,80,81,82,83,84,85,86,87,88,89,90,91,92,93,94,95,96,97,98,99,100,101,102,103,104,105,106,107,108",
                        "endColumns": "12,79,97,114,82,66,98,67,60,87,65,63,70,62,53,108,58,62,53,73,124,89,79,114,82,81,90,66,65,70,79,85,77,77,72,74,86,86,90,92,71,75,91,50,65,83,85,61,63,62,106,104,95,105,82",
                        "endOffsets": "275,3100,3198,3313,3396,5838,5937,6325,6386,6474,6540,6604,6675,6738,6792,6901,6960,7023,7077,7151,7276,7366,7446,7561,7644,7726,7817,7884,7950,8021,8101,8187,8265,8343,8416,8491,8578,8665,8756,8849,8921,8997,9089,9140,9206,9290,9376,9438,9502,9565,9672,9777,9873,9979,10062"
                    }
                },
                {
                    "source": "/Users/hrishikeshprateek/.gradle/caches/transforms-3/7dd72130baac917b63f1fe236247c70e/transformed/browser-1.4.0/res/values-eu/values-eu.xml",
                    "from": {
                        "startLines": "2,3,4,5",
                        "startColumns": "4,4,4,4",
                        "startOffsets": "55,155,257,370",
                        "endColumns": "99,101,112,104",
                        "endOffsets": "150,252,365,470"
                    },
                    "to": {
                        "startLines": "55,58,59,60",
                        "startColumns": "4,4,4,4",
                        "startOffsets": "5676,5942,6044,6157",
                        "endColumns": "99,101,112,104",
                        "endOffsets": "5771,6039,6152,6257"
                    }
                }
            ]
        }
    ]
}