{
    "logs": [
        {
            "outputFile": "com.aigs.junctionbox.app-mergeDebugResources-28:/values-ms/values-ms.xml",
            "map": [
                {
                    "source": "/Users/hrishikeshprateek/.gradle/caches/transforms-3/7dd72130baac917b63f1fe236247c70e/transformed/browser-1.4.0/res/values-ms/values-ms.xml",
                    "from": {
                        "startLines": "2,3,4,5",
                        "startColumns": "4,4,4,4",
                        "startOffsets": "55,160,260,379",
                        "endColumns": "104,99,118,101",
                        "endOffsets": "155,255,374,476"
                    },
                    "to": {
                        "startLines": "55,58,59,60",
                        "startColumns": "4,4,4,4",
                        "startOffsets": "5724,5987,6087,6206",
                        "endColumns": "104,99,118,101",
                        "endOffsets": "5824,6082,6201,6303"
                    }
                },
                {
                    "source": "/Users/hrishikeshprateek/.gradle/caches/transforms-3/49c827b69fa8a7f7c64c8edf0f9f028b/transformed/play-services-basement-18.0.0/res/values-ms/values.xml",
                    "from": {
                        "startLines": "4",
                        "startColumns": "0",
                        "startOffsets": "195",
                        "endColumns": "141",
                        "endOffsets": "336"
                    },
                    "to": {
                        "startLines": "45",
                        "startColumns": "4",
                        "startOffsets": "4414",
                        "endColumns": "145",
                        "endOffsets": "4555"
                    }
                },
                {
                    "source": "/Users/hrishikeshprateek/.gradle/caches/transforms-3/2e555aa60c2973d1a450e632503526ba/transformed/play-services-base-18.0.1/res/values-ms/values.xml",
                    "from": {
                        "startLines": "4,5,6,7,8,9,10,11,12,13,14,15,16,17,18,19,20",
                        "startColumns": "0,0,0,0,0,0,0,0,0,0,0,0,0,0,0,0,0",
                        "startOffsets": "193,295,464,590,692,860,988,1104,1207,1388,1493,1664,1795,1962,2133,2196,2256",
                        "endColumns": "101,168,125,101,167,127,115,102,180,104,170,130,166,170,62,59,78",
                        "endOffsets": "294,463,589,691,859,987,1103,1206,1387,1492,1663,1794,1961,2132,2195,2255,2334"
                    },
                    "to": {
                        "startLines": "37,38,39,40,41,42,43,44,46,47,48,49,50,51,52,53,54",
                        "startColumns": "4,4,4,4,4,4,4,4,4,4,4,4,4,4,4,4,4",
                        "startOffsets": "3368,3474,3647,3777,3883,4055,4187,4307,4560,4745,4854,5029,5164,5335,5510,5577,5641",
                        "endColumns": "105,172,129,105,171,131,119,106,184,108,174,134,170,174,66,63,82",
                        "endOffsets": "3469,3642,3772,3878,4050,4182,4302,4409,4740,4849,5024,5159,5330,5505,5572,5636,5719"
                    }
                },
                {
                    "source": "/Users/hrishikeshprateek/.gradle/caches/transforms-3/394bb91a0dbf29de2a48cd3ef978c15e/transformed/appcompat-1.4.2/res/values-ms/values-ms.xml",
                    "from": {
                        "startLines": "2,3,4,5,6,7,8,9,10,11,12,13,14,15,16,17,18,19,20,21,22,23,24,25,26,27,28,29",
                        "startColumns": "4,4,4,4,4,4,4,4,4,4,4,4,4,4,4,4,4,4,4,4,4,4,4,4,4,4,4,4",
                        "startOffsets": "105,216,321,429,516,620,731,810,888,979,1072,1167,1261,1359,1452,1547,1641,1732,1823,1903,2015,2123,2220,2329,2433,2540,2699,2800",
                        "endColumns": "110,104,107,86,103,110,78,77,90,92,94,93,97,92,94,93,90,90,79,111,107,96,108,103,106,158,100,80",
                        "endOffsets": "211,316,424,511,615,726,805,883,974,1067,1162,1256,1354,1447,1542,1636,1727,1818,1898,2010,2118,2215,2324,2428,2535,2694,2795,2876"
                    },
                    "to": {
                        "startLines": "6,7,8,9,10,11,12,13,14,15,16,17,18,19,20,21,22,23,24,25,26,27,28,29,30,31,32,109",
                        "startColumns": "4,4,4,4,4,4,4,4,4,4,4,4,4,4,4,4,4,4,4,4,4,4,4,4,4,4,4,4",
                        "startOffsets": "284,395,500,608,695,799,910,989,1067,1158,1251,1346,1440,1538,1631,1726,1820,1911,2002,2082,2194,2302,2399,2508,2612,2719,2878,10070",
                        "endColumns": "110,104,107,86,103,110,78,77,90,92,94,93,97,92,94,93,90,90,79,111,107,96,108,103,106,158,100,80",
                        "endOffsets": "390,495,603,690,794,905,984,1062,1153,1246,1341,1435,1533,1626,1721,1815,1906,1997,2077,2189,2297,2394,2503,2607,2714,2873,2974,10146"
                    }
                },
                {
                    "source": "/Users/hrishikeshprateek/.gradle/caches/transforms-3/c395e7e1015ee83acecf070a1d54b71a/transformed/core-1.7.0/res/values-ms/values-ms.xml",
                    "from": {
                        "startLines": "2",
                        "startColumns": "4",
                        "startOffsets": "55",
                        "endColumns": "100",
                        "endOffsets": "151"
                    },
                    "to": {
                        "startLines": "110",
                        "startColumns": "4",
                        "startOffsets": "10151",
                        "endColumns": "100",
                        "endOffsets": "10247"
                    }
                },
                {
                    "source": "/Users/hrishikeshprateek/.gradle/caches/transforms-3/12a739d4a1f4d0799a8dabc3595aa692/transformed/material-1.6.1/res/values-ms/values-ms.xml",
                    "from": {
                        "startLines": "2,6,7,8,9,10,11,12,13,14,15,16,17,18,19,20,21,22,23,24,25,26,27,28,29,30,31,32,33,34,35,36,37,38,39,40,41,42,43,44,45,46,47,48,49,50,51,52,53,54,55,56,57,58,59",
                        "startColumns": "4,4,4,4,4,4,4,4,4,4,4,4,4,4,4,4,4,4,4,4,4,4,4,4,4,4,4,4,4,4,4,4,4,4,4,4,4,4,4,4,4,4,4,4,4,4,4,4,4,4,4,4,4,4,4",
                        "startOffsets": "55,234,321,424,540,623,688,781,846,905,992,1054,1114,1180,1242,1296,1404,1461,1522,1577,1648,1768,1859,1945,2063,2149,2235,2323,2390,2456,2527,2605,2688,2761,2837,2910,2981,3073,3146,3236,3329,3403,3474,3565,3617,3685,3769,3854,3916,3980,4043,4147,4253,4349,4457",
                        "endLines": "5,6,7,8,9,10,11,12,13,14,15,16,17,18,19,20,21,22,23,24,25,26,27,28,29,30,31,32,33,34,35,36,37,38,39,40,41,42,43,44,45,46,47,48,49,50,51,52,53,54,55,56,57,58,59",
                        "endColumns": "12,86,102,115,82,64,92,64,58,86,61,59,65,61,53,107,56,60,54,70,119,90,85,117,85,85,87,66,65,70,77,82,72,75,72,70,91,72,89,92,73,70,90,51,67,83,84,61,63,62,103,105,95,107,85",
                        "endOffsets": "229,316,419,535,618,683,776,841,900,987,1049,1109,1175,1237,1291,1399,1456,1517,1572,1643,1763,1854,1940,2058,2144,2230,2318,2385,2451,2522,2600,2683,2756,2832,2905,2976,3068,3141,3231,3324,3398,3469,3560,3612,3680,3764,3849,3911,3975,4038,4142,4248,4344,4452,4538"
                    },
                    "to": {
                        "startLines": "2,33,34,35,36,56,57,61,62,63,64,65,66,67,68,69,70,71,72,73,74,75,76,77,78,79,80,81,82,83,84,85,86,87,88,89,90,91,92,93,94,95,96,97,98,99,100,101,102,103,104,105,106,107,108",
                        "startColumns": "4,4,4,4,4,4,4,4,4,4,4,4,4,4,4,4,4,4,4,4,4,4,4,4,4,4,4,4,4,4,4,4,4,4,4,4,4,4,4,4,4,4,4,4,4,4,4,4,4,4,4,4,4,4,4",
                        "startOffsets": "105,2979,3066,3169,3285,5829,5894,6308,6373,6432,6519,6581,6641,6707,6769,6823,6931,6988,7049,7104,7175,7295,7386,7472,7590,7676,7762,7850,7917,7983,8054,8132,8215,8288,8364,8437,8508,8600,8673,8763,8856,8930,9001,9092,9144,9212,9296,9381,9443,9507,9570,9674,9780,9876,9984",
                        "endLines": "5,33,34,35,36,56,57,61,62,63,64,65,66,67,68,69,70,71,72,73,74,75,76,77,78,79,80,81,82,83,84,85,86,87,88,89,90,91,92,93,94,95,96,97,98,99,100,101,102,103,104,105,106,107,108",
                        "endColumns": "12,86,102,115,82,64,92,64,58,86,61,59,65,61,53,107,56,60,54,70,119,90,85,117,85,85,87,66,65,70,77,82,72,75,72,70,91,72,89,92,73,70,90,51,67,83,84,61,63,62,103,105,95,107,85",
                        "endOffsets": "279,3061,3164,3280,3363,5889,5982,6368,6427,6514,6576,6636,6702,6764,6818,6926,6983,7044,7099,7170,7290,7381,7467,7585,7671,7757,7845,7912,7978,8049,8127,8210,8283,8359,8432,8503,8595,8668,8758,8851,8925,8996,9087,9139,9207,9291,9376,9438,9502,9565,9669,9775,9871,9979,10065"
                    }
                }
            ]
        }
    ]
}