{
    "logs": [
        {
            "outputFile": "com.aigs.junctionbox.app-mergeDebugResources-28:/values-ko/values-ko.xml",
            "map": [
                {
                    "source": "/Users/hrishikeshprateek/.gradle/caches/transforms-3/49c827b69fa8a7f7c64c8edf0f9f028b/transformed/play-services-basement-18.0.0/res/values-ko/values.xml",
                    "from": {
                        "startLines": "4",
                        "startColumns": "0",
                        "startOffsets": "195",
                        "endColumns": "116",
                        "endOffsets": "311"
                    },
                    "to": {
                        "startLines": "45",
                        "startColumns": "4",
                        "startOffsets": "4062",
                        "endColumns": "120",
                        "endOffsets": "4178"
                    }
                },
                {
                    "source": "/Users/hrishikeshprateek/.gradle/caches/transforms-3/2e555aa60c2973d1a450e632503526ba/transformed/play-services-base-18.0.1/res/values-ko/values.xml",
                    "from": {
                        "startLines": "4,5,6,7,8,9,10,11,12,13,14,15,16,17,18,19,20",
                        "startColumns": "0,0,0,0,0,0,0,0,0,0,0,0,0,0,0,0,0",
                        "startOffsets": "193,293,428,540,638,749,862,965,1056,1197,1296,1428,1542,1656,1771,1826,1880",
                        "endColumns": "99,134,111,97,110,112,102,90,140,98,131,113,113,114,54,53,70",
                        "endOffsets": "292,427,539,637,748,861,964,1055,1196,1295,1427,1541,1655,1770,1825,1879,1950"
                    },
                    "to": {
                        "startLines": "37,38,39,40,41,42,43,44,46,47,48,49,50,51,52,53,54",
                        "startColumns": "4,4,4,4,4,4,4,4,4,4,4,4,4,4,4,4,4",
                        "startOffsets": "3167,3271,3410,3526,3628,3743,3860,3967,4183,4328,4431,4567,4685,4803,4922,4981,5039",
                        "endColumns": "103,138,115,101,114,116,106,94,144,102,135,117,117,118,58,57,74",
                        "endOffsets": "3266,3405,3521,3623,3738,3855,3962,4057,4323,4426,4562,4680,4798,4917,4976,5034,5109"
                    }
                },
                {
                    "source": "/Users/hrishikeshprateek/.gradle/caches/transforms-3/394bb91a0dbf29de2a48cd3ef978c15e/transformed/appcompat-1.4.2/res/values-ko/values-ko.xml",
                    "from": {
                        "startLines": "2,3,4,5,6,7,8,9,10,11,12,13,14,15,16,17,18,19,20,21,22,23,24,25,26,27,28,29",
                        "startColumns": "4,4,4,4,4,4,4,4,4,4,4,4,4,4,4,4,4,4,4,4,4,4,4,4,4,4,4,4",
                        "startOffsets": "105,202,296,397,479,577,683,763,838,929,1022,1117,1211,1311,1404,1499,1593,1684,1775,1855,1953,2047,2142,2242,2339,2439,2591,2685",
                        "endColumns": "96,93,100,81,97,105,79,74,90,92,94,93,99,92,94,93,90,90,79,97,93,94,99,96,99,151,93,78",
                        "endOffsets": "197,291,392,474,572,678,758,833,924,1017,1112,1206,1306,1399,1494,1588,1679,1770,1850,1948,2042,2137,2237,2334,2434,2586,2680,2759"
                    },
                    "to": {
                        "startLines": "6,7,8,9,10,11,12,13,14,15,16,17,18,19,20,21,22,23,24,25,26,27,28,29,30,31,32,109",
                        "startColumns": "4,4,4,4,4,4,4,4,4,4,4,4,4,4,4,4,4,4,4,4,4,4,4,4,4,4,4,4",
                        "startOffsets": "254,351,445,546,628,726,832,912,987,1078,1171,1266,1360,1460,1553,1648,1742,1833,1924,2004,2102,2196,2291,2391,2488,2588,2740,9005",
                        "endColumns": "96,93,100,81,97,105,79,74,90,92,94,93,99,92,94,93,90,90,79,97,93,94,99,96,99,151,93,78",
                        "endOffsets": "346,440,541,623,721,827,907,982,1073,1166,1261,1355,1455,1548,1643,1737,1828,1919,1999,2097,2191,2286,2386,2483,2583,2735,2829,9079"
                    }
                },
                {
                    "source": "/Users/hrishikeshprateek/.gradle/caches/transforms-3/c395e7e1015ee83acecf070a1d54b71a/transformed/core-1.7.0/res/values-ko/values-ko.xml",
                    "from": {
                        "startLines": "2",
                        "startColumns": "4",
                        "startOffsets": "55",
                        "endColumns": "100",
                        "endOffsets": "151"
                    },
                    "to": {
                        "startLines": "110",
                        "startColumns": "4",
                        "startOffsets": "9084",
                        "endColumns": "100",
                        "endOffsets": "9180"
                    }
                },
                {
                    "source": "/Users/hrishikeshprateek/.gradle/caches/transforms-3/12a739d4a1f4d0799a8dabc3595aa692/transformed/material-1.6.1/res/values-ko/values-ko.xml",
                    "from": {
                        "startLines": "2,6,7,8,9,10,11,12,13,14,15,16,17,18,19,20,21,22,23,24,25,26,27,28,29,30,31,32,33,34,35,36,37,38,39,40,41,42,43,44,45,46,47,48,49,50,51,52,53,54,55,56,57,58,59",
                        "startColumns": "4,4,4,4,4,4,4,4,4,4,4,4,4,4,4,4,4,4,4,4,4,4,4,4,4,4,4,4,4,4,4,4,4,4,4,4,4,4,4,4,4,4,4,4,4,4,4,4,4,4,4,4,4,4,4",
                        "startOffsets": "55,204,273,356,462,537,599,680,742,799,886,944,1002,1061,1118,1172,1267,1323,1380,1434,1500,1604,1679,1756,1847,1912,1977,2056,2123,2189,2253,2323,2400,2468,2539,2606,2676,2756,2833,2913,2995,3067,3132,3204,3252,3316,3391,3468,3530,3594,3657,3741,3820,3900,3980",
                        "endLines": "5,6,7,8,9,10,11,12,13,14,15,16,17,18,19,20,21,22,23,24,25,26,27,28,29,30,31,32,33,34,35,36,37,38,39,40,41,42,43,44,45,46,47,48,49,50,51,52,53,54,55,56,57,58,59",
                        "endColumns": "12,68,82,105,74,61,80,61,56,86,57,57,58,56,53,94,55,56,53,65,103,74,76,90,64,64,78,66,65,63,69,76,67,70,66,69,79,76,79,81,71,64,71,47,63,74,76,61,63,62,83,78,79,79,71",
                        "endOffsets": "199,268,351,457,532,594,675,737,794,881,939,997,1056,1113,1167,1262,1318,1375,1429,1495,1599,1674,1751,1842,1907,1972,2051,2118,2184,2248,2318,2395,2463,2534,2601,2671,2751,2828,2908,2990,3062,3127,3199,3247,3311,3386,3463,3525,3589,3652,3736,3815,3895,3975,4047"
                    },
                    "to": {
                        "startLines": "2,33,34,35,36,56,57,61,62,63,64,65,66,67,68,69,70,71,72,73,74,75,76,77,78,79,80,81,82,83,84,85,86,87,88,89,90,91,92,93,94,95,96,97,98,99,100,101,102,103,104,105,106,107,108",
                        "startColumns": "4,4,4,4,4,4,4,4,4,4,4,4,4,4,4,4,4,4,4,4,4,4,4,4,4,4,4,4,4,4,4,4,4,4,4,4,4,4,4,4,4,4,4,4,4,4,4,4,4,4,4,4,4,4,4",
                        "startOffsets": "105,2834,2903,2986,3092,5200,5262,5633,5695,5752,5839,5897,5955,6014,6071,6125,6220,6276,6333,6387,6453,6557,6632,6709,6800,6865,6930,7009,7076,7142,7206,7276,7353,7421,7492,7559,7629,7709,7786,7866,7948,8020,8085,8157,8205,8269,8344,8421,8483,8547,8610,8694,8773,8853,8933",
                        "endLines": "5,33,34,35,36,56,57,61,62,63,64,65,66,67,68,69,70,71,72,73,74,75,76,77,78,79,80,81,82,83,84,85,86,87,88,89,90,91,92,93,94,95,96,97,98,99,100,101,102,103,104,105,106,107,108",
                        "endColumns": "12,68,82,105,74,61,80,61,56,86,57,57,58,56,53,94,55,56,53,65,103,74,76,90,64,64,78,66,65,63,69,76,67,70,66,69,79,76,79,81,71,64,71,47,63,74,76,61,63,62,83,78,79,79,71",
                        "endOffsets": "249,2898,2981,3087,3162,5257,5338,5690,5747,5834,5892,5950,6009,6066,6120,6215,6271,6328,6382,6448,6552,6627,6704,6795,6860,6925,7004,7071,7137,7201,7271,7348,7416,7487,7554,7624,7704,7781,7861,7943,8015,8080,8152,8200,8264,8339,8416,8478,8542,8605,8689,8768,8848,8928,9000"
                    }
                },
                {
                    "source": "/Users/hrishikeshprateek/.gradle/caches/transforms-3/7dd72130baac917b63f1fe236247c70e/transformed/browser-1.4.0/res/values-ko/values-ko.xml",
                    "from": {
                        "startLines": "2,3,4,5",
                        "startColumns": "4,4,4,4",
                        "startOffsets": "55,141,234,337",
                        "endColumns": "85,92,102,93",
                        "endOffsets": "136,229,332,426"
                    },
                    "to": {
                        "startLines": "55,58,59,60",
                        "startColumns": "4,4,4,4",
                        "startOffsets": "5114,5343,5436,5539",
                        "endColumns": "85,92,102,93",
                        "endOffsets": "5195,5431,5534,5628"
                    }
                }
            ]
        }
    ]
}