{
    "logs": [
        {
            "outputFile": "com.aigs.junctionbox.app-mergeDebugResources-28:/values-night-v8/values-night-v8.xml",
            "map": [
                {
                    "source": "/Users/hrishikeshprateek/AndroidStudioProjects/JunctionBox/app/src/main/res/values-night/themes.xml",
                    "from": {
                        "startLines": "2",
                        "startColumns": "4",
                        "startOffsets": "100",
                        "endLines": "14",
                        "endColumns": "12",
                        "endOffsets": "818"
                    },
                    "to": {
                        "startLines": "9",
                        "startColumns": "4",
                        "startOffsets": "732",
                        "endLines": "21",
                        "endColumns": "12",
                        "endOffsets": "1327"
                    }
                },
                {
                    "source": "/Users/hrishikeshprateek/.gradle/caches/transforms-3/394bb91a0dbf29de2a48cd3ef978c15e/transformed/appcompat-1.4.2/res/values-night-v8/values-night-v8.xml",
                    "from": {
                        "startLines": "2,3,4,5,6,7,8,9",
                        "startColumns": "4,4,4,4,4,4,4,4",
                        "startOffsets": "55,125,209,293,389,491,593,687",
                        "endColumns": "69,83,83,95,101,101,93,88",
                        "endOffsets": "120,204,288,384,486,588,682,771"
                    },
                    "to": {
                        "startLines": "2,3,4,5,6,7,8,46",
                        "startColumns": "4,4,4,4,4,4,4,4",
                        "startOffsets": "100,170,254,338,434,536,638,3986",
                        "endColumns": "69,83,83,95,101,101,93,88",
                        "endOffsets": "165,249,333,429,531,633,727,4070"
                    }
                },
                {
                    "source": "/Users/hrishikeshprateek/.gradle/caches/transforms-3/12a739d4a1f4d0799a8dabc3595aa692/transformed/material-1.6.1/res/values-night-v8/values-night-v8.xml",
                    "from": {
                        "startLines": "2,3,4,5,6,7,8,9,10,11,12,13,14,15,16,17,18,19,20,21,22,23,24,25,26,27,28,29,30,31,32,33",
                        "startColumns": "4,4,4,4,4,4,4,4,4,4,4,4,4,4,4,4,4,4,4,4,4,4,4,4,4,4,4,4,4,4,4,4",
                        "startOffsets": "55,130,241,330,431,538,645,744,847,935,1059,1161,1263,1379,1481,1595,1723,1839,1961,2097,2217,2351,2471,2583,2709,2826,2950,3080,3202,3340,3474,3590",
                        "endColumns": "74,110,88,100,106,106,98,102,87,123,101,101,115,101,113,127,115,121,135,119,133,119,111,125,116,123,129,121,137,133,115,119",
                        "endOffsets": "125,236,325,426,533,640,739,842,930,1054,1156,1258,1374,1476,1590,1718,1834,1956,2092,2212,2346,2466,2578,2704,2821,2945,3075,3197,3335,3469,3585,3705"
                    },
                    "to": {
                        "startLines": "22,23,24,25,26,27,28,29,30,31,32,33,34,35,36,37,38,39,40,41,42,43,44,45,47,48,49,50,51,52,53,54",
                        "startColumns": "4,4,4,4,4,4,4,4,4,4,4,4,4,4,4,4,4,4,4,4,4,4,4,4,4,4,4,4,4,4,4,4",
                        "startOffsets": "1332,1407,1518,1607,1708,1815,1922,2021,2124,2212,2336,2438,2540,2656,2758,2872,3000,3116,3238,3374,3494,3628,3748,3860,4075,4192,4316,4446,4568,4706,4840,4956",
                        "endColumns": "74,110,88,100,106,106,98,102,87,123,101,101,115,101,113,127,115,121,135,119,133,119,111,125,116,123,129,121,137,133,115,119",
                        "endOffsets": "1402,1513,1602,1703,1810,1917,2016,2119,2207,2331,2433,2535,2651,2753,2867,2995,3111,3233,3369,3489,3623,3743,3855,3981,4187,4311,4441,4563,4701,4835,4951,5071"
                    }
                }
            ]
        }
    ]
}