{
    "logs": [
        {
            "outputFile": "com.aigs.junctionbox.app-mergeDebugResources-28:/values-bs/values-bs.xml",
            "map": [
                {
                    "source": "/Users/hrishikeshprateek/.gradle/caches/transforms-3/394bb91a0dbf29de2a48cd3ef978c15e/transformed/appcompat-1.4.2/res/values-bs/values-bs.xml",
                    "from": {
                        "startLines": "2,3,4,5,6,7,8,9,10,11,12,13,14,15,16,17,18,19,20,21,22,23,24,25,26,27,28,29",
                        "startColumns": "4,4,4,4,4,4,4,4,4,4,4,4,4,4,4,4,4,4,4,4,4,4,4,4,4,4,4,4",
                        "startOffsets": "105,226,323,430,516,620,742,827,909,1000,1093,1188,1282,1382,1475,1570,1665,1756,1847,1935,2038,2142,2243,2348,2462,2565,2734,2830",
                        "endColumns": "120,96,106,85,103,121,84,81,90,92,94,93,99,92,94,94,90,90,87,102,103,100,104,113,102,168,95,86",
                        "endOffsets": "221,318,425,511,615,737,822,904,995,1088,1183,1277,1377,1470,1565,1660,1751,1842,1930,2033,2137,2238,2343,2457,2560,2729,2825,2912"
                    },
                    "to": {
                        "startLines": "7,8,9,10,11,12,13,14,15,16,17,18,19,20,21,22,23,24,25,26,27,28,29,30,31,32,33,110",
                        "startColumns": "4,4,4,4,4,4,4,4,4,4,4,4,4,4,4,4,4,4,4,4,4,4,4,4,4,4,4,4",
                        "startOffsets": "332,453,550,657,743,847,969,1054,1136,1227,1320,1415,1509,1609,1702,1797,1892,1983,2074,2162,2265,2369,2470,2575,2689,2792,2961,10044",
                        "endColumns": "120,96,106,85,103,121,84,81,90,92,94,93,99,92,94,94,90,90,87,102,103,100,104,113,102,168,95,86",
                        "endOffsets": "448,545,652,738,842,964,1049,1131,1222,1315,1410,1504,1604,1697,1792,1887,1978,2069,2157,2260,2364,2465,2570,2684,2787,2956,3052,10126"
                    }
                },
                {
                    "source": "/Users/hrishikeshprateek/.gradle/caches/transforms-3/49c827b69fa8a7f7c64c8edf0f9f028b/transformed/play-services-basement-18.0.0/res/values-bs/values.xml",
                    "from": {
                        "startLines": "4",
                        "startColumns": "0",
                        "startOffsets": "195",
                        "endColumns": "136",
                        "endOffsets": "331"
                    },
                    "to": {
                        "startLines": "46",
                        "startColumns": "4",
                        "startOffsets": "4434",
                        "endColumns": "140",
                        "endOffsets": "4570"
                    }
                },
                {
                    "source": "/Users/hrishikeshprateek/.gradle/caches/transforms-3/2e555aa60c2973d1a450e632503526ba/transformed/play-services-base-18.0.1/res/values-bs/values.xml",
                    "from": {
                        "startLines": "4,5,6,7,8,9,10,11,12,13,14,15,16,17,18,19,20",
                        "startColumns": "0,0,0,0,0,0,0,0,0,0,0,0,0,0,0,0,0",
                        "startOffsets": "193,295,451,573,679,825,947,1055,1153,1303,1406,1563,1686,1832,1974,2038,2096",
                        "endColumns": "101,155,121,105,145,121,107,97,149,102,156,122,145,141,63,57,80",
                        "endOffsets": "294,450,572,678,824,946,1054,1152,1302,1405,1562,1685,1831,1973,2037,2095,2176"
                    },
                    "to": {
                        "startLines": "38,39,40,41,42,43,44,45,47,48,49,50,51,52,53,54,55",
                        "startColumns": "4,4,4,4,4,4,4,4,4,4,4,4,4,4,4,4,4",
                        "startOffsets": "3442,3548,3708,3834,3944,4094,4220,4332,4575,4729,4836,4997,5124,5274,5420,5488,5550",
                        "endColumns": "105,159,125,109,149,125,111,101,153,106,160,126,149,145,67,61,84",
                        "endOffsets": "3543,3703,3829,3939,4089,4215,4327,4429,4724,4831,4992,5119,5269,5415,5483,5545,5630"
                    }
                },
                {
                    "source": "/Users/hrishikeshprateek/.gradle/caches/transforms-3/c395e7e1015ee83acecf070a1d54b71a/transformed/core-1.7.0/res/values-bs/values-bs.xml",
                    "from": {
                        "startLines": "2",
                        "startColumns": "4",
                        "startOffsets": "55",
                        "endColumns": "100",
                        "endOffsets": "151"
                    },
                    "to": {
                        "startLines": "111",
                        "startColumns": "4",
                        "startOffsets": "10131",
                        "endColumns": "100",
                        "endOffsets": "10227"
                    }
                },
                {
                    "source": "/Users/hrishikeshprateek/.gradle/caches/transforms-3/12a739d4a1f4d0799a8dabc3595aa692/transformed/material-1.6.1/res/values-bs/values-bs.xml",
                    "from": {
                        "startLines": "2,7,8,9,10,11,12,13,14,15,16,17,18,19,20,21,22,23,24,25,26,27,28,29,30,31,32,33,34,35,36,37,38,39,40,41,42,43,44,45,46,47,48,49,50,51,52,53,54,55,56,57,58,59,60",
                        "startColumns": "4,4,4,4,4,4,4,4,4,4,4,4,4,4,4,4,4,4,4,4,4,4,4,4,4,4,4,4,4,4,4,4,4,4,4,4,4,4,4,4,4,4,4,4,4,4,4,4,4,4,4,4,4,4,4",
                        "startOffsets": "55,282,364,460,586,667,733,825,902,965,1073,1139,1195,1266,1326,1380,1499,1556,1618,1672,1747,1871,1959,2042,2157,2242,2328,2416,2483,2549,2623,2701,2788,2860,2937,3010,3080,3173,3245,3337,3433,3507,3583,3679,3732,3799,3886,3973,4035,4099,4162,4270,4372,4473,4578",
                        "endLines": "6,7,8,9,10,11,12,13,14,15,16,17,18,19,20,21,22,23,24,25,26,27,28,29,30,31,32,33,34,35,36,37,38,39,40,41,42,43,44,45,46,47,48,49,50,51,52,53,54,55,56,57,58,59,60",
                        "endColumns": "12,81,95,125,80,65,91,76,62,107,65,55,70,59,53,118,56,61,53,74,123,87,82,114,84,85,87,66,65,73,77,86,71,76,72,69,92,71,91,95,73,75,95,52,66,86,86,61,63,62,107,101,100,104,79",
                        "endOffsets": "277,359,455,581,662,728,820,897,960,1068,1134,1190,1261,1321,1375,1494,1551,1613,1667,1742,1866,1954,2037,2152,2237,2323,2411,2478,2544,2618,2696,2783,2855,2932,3005,3075,3168,3240,3332,3428,3502,3578,3674,3727,3794,3881,3968,4030,4094,4157,4265,4367,4468,4573,4653"
                    },
                    "to": {
                        "startLines": "2,34,35,36,37,57,58,62,63,64,65,66,67,68,69,70,71,72,73,74,75,76,77,78,79,80,81,82,83,84,85,86,87,88,89,90,91,92,93,94,95,96,97,98,99,100,101,102,103,104,105,106,107,108,109",
                        "startColumns": "4,4,4,4,4,4,4,4,4,4,4,4,4,4,4,4,4,4,4,4,4,4,4,4,4,4,4,4,4,4,4,4,4,4,4,4,4,4,4,4,4,4,4,4,4,4,4,4,4,4,4,4,4,4,4",
                        "startOffsets": "105,3057,3139,3235,3361,5739,5805,6211,6288,6351,6459,6525,6581,6652,6712,6766,6885,6942,7004,7058,7133,7257,7345,7428,7543,7628,7714,7802,7869,7935,8009,8087,8174,8246,8323,8396,8466,8559,8631,8723,8819,8893,8969,9065,9118,9185,9272,9359,9421,9485,9548,9656,9758,9859,9964",
                        "endLines": "6,34,35,36,37,57,58,62,63,64,65,66,67,68,69,70,71,72,73,74,75,76,77,78,79,80,81,82,83,84,85,86,87,88,89,90,91,92,93,94,95,96,97,98,99,100,101,102,103,104,105,106,107,108,109",
                        "endColumns": "12,81,95,125,80,65,91,76,62,107,65,55,70,59,53,118,56,61,53,74,123,87,82,114,84,85,87,66,65,73,77,86,71,76,72,69,92,71,91,95,73,75,95,52,66,86,86,61,63,62,107,101,100,104,79",
                        "endOffsets": "327,3134,3230,3356,3437,5800,5892,6283,6346,6454,6520,6576,6647,6707,6761,6880,6937,6999,7053,7128,7252,7340,7423,7538,7623,7709,7797,7864,7930,8004,8082,8169,8241,8318,8391,8461,8554,8626,8718,8814,8888,8964,9060,9113,9180,9267,9354,9416,9480,9543,9651,9753,9854,9959,10039"
                    }
                },
                {
                    "source": "/Users/hrishikeshprateek/.gradle/caches/transforms-3/7dd72130baac917b63f1fe236247c70e/transformed/browser-1.4.0/res/values-bs/values-bs.xml",
                    "from": {
                        "startLines": "2,3,4,5",
                        "startColumns": "4,4,4,4",
                        "startOffsets": "55,159,259,373",
                        "endColumns": "103,99,113,99",
                        "endOffsets": "154,254,368,468"
                    },
                    "to": {
                        "startLines": "56,59,60,61",
                        "startColumns": "4,4,4,4",
                        "startOffsets": "5635,5897,5997,6111",
                        "endColumns": "103,99,113,99",
                        "endOffsets": "5734,5992,6106,6206"
                    }
                }
            ]
        }
    ]
}