{
    "logs": [
        {
            "outputFile": "com.aigs.junctionbox.app-mergeDebugResources-28:/values-en-rXC/values-en-rXC.xml",
            "map": [
                {
                    "source": "/Users/hrishikeshprateek/.gradle/caches/transforms-3/c395e7e1015ee83acecf070a1d54b71a/transformed/core-1.7.0/res/values-en-rXC/values-en-rXC.xml",
                    "from": {
                        "startLines": "2",
                        "startColumns": "4",
                        "startOffsets": "55",
                        "endColumns": "203",
                        "endOffsets": "254"
                    },
                    "to": {
                        "startLines": "34",
                        "startColumns": "4",
                        "startOffsets": "6526",
                        "endColumns": "203",
                        "endOffsets": "6725"
                    }
                },
                {
                    "source": "/Users/hrishikeshprateek/.gradle/caches/transforms-3/394bb91a0dbf29de2a48cd3ef978c15e/transformed/appcompat-1.4.2/res/values-en-rXC/values-en-rXC.xml",
                    "from": {
                        "startLines": "2,3,4,5,6,7,8,9,10,11,12,13,14,15,16,17,18,19,20,21,22,23,24,25,26,27,28,29",
                        "startColumns": "4,4,4,4,4,4,4,4,4,4,4,4,4,4,4,4,4,4,4,4,4,4,4,4,4,4,4,4",
                        "startOffsets": "105,312,515,725,912,1113,1329,1509,1684,1878,2072,2267,2464,2663,2858,3056,3253,3447,3641,3826,4031,4234,4435,4641,4846,5053,5327,5528",
                        "endColumns": "206,202,209,186,200,215,179,174,193,193,194,196,198,194,197,196,193,193,184,204,202,200,205,204,206,273,200,185",
                        "endOffsets": "307,510,720,907,1108,1324,1504,1679,1873,2067,2262,2459,2658,2853,3051,3248,3442,3636,3821,4026,4229,4430,4636,4841,5048,5322,5523,5709"
                    },
                    "to": {
                        "startLines": "2,3,4,5,6,7,8,9,10,11,12,13,14,15,16,17,18,19,20,21,22,23,24,25,26,27,28,33",
                        "startColumns": "4,4,4,4,4,4,4,4,4,4,4,4,4,4,4,4,4,4,4,4,4,4,4,4,4,4,4,4",
                        "startOffsets": "105,312,515,725,912,1113,1329,1509,1684,1878,2072,2267,2464,2663,2858,3056,3253,3447,3641,3826,4031,4234,4435,4641,4846,5053,5327,6340",
                        "endColumns": "206,202,209,186,200,215,179,174,193,193,194,196,198,194,197,196,193,193,184,204,202,200,205,204,206,273,200,185",
                        "endOffsets": "307,510,720,907,1108,1324,1504,1679,1873,2067,2262,2459,2658,2853,3051,3248,3442,3636,3821,4026,4229,4430,4636,4841,5048,5322,5523,6521"
                    }
                },
                {
                    "source": "/Users/hrishikeshprateek/.gradle/caches/transforms-3/7dd72130baac917b63f1fe236247c70e/transformed/browser-1.4.0/res/values-en-rXC/values-en-rXC.xml",
                    "from": {
                        "startLines": "2,3,4,5",
                        "startColumns": "4,4,4,4",
                        "startOffsets": "55,255,454,665",
                        "endColumns": "199,198,210,201",
                        "endOffsets": "250,449,660,862"
                    },
                    "to": {
                        "startLines": "29,30,31,32",
                        "startColumns": "4,4,4,4",
                        "startOffsets": "5528,5728,5927,6138",
                        "endColumns": "199,198,210,201",
                        "endOffsets": "5723,5922,6133,6335"
                    }
                }
            ]
        }
    ]
}