{
    "logs": [
        {
            "outputFile": "com.aigs.junctionbox.app-mergeDebugResources-28:/values-zh-rHK/values-zh-rHK.xml",
            "map": [
                {
                    "source": "/Users/hrishikeshprateek/.gradle/caches/transforms-3/2e555aa60c2973d1a450e632503526ba/transformed/play-services-base-18.0.1/res/values-zh-rHK/values.xml",
                    "from": {
                        "startLines": "4,5,6,7,8,9,10,11,12,13,14,15,16,17,18,19,20",
                        "startColumns": "0,0,0,0,0,0,0,0,0,0,0,0,0,0,0,0,0",
                        "startOffsets": "197,294,418,529,627,730,842,940,1029,1135,1232,1357,1468,1571,1675,1726,1779",
                        "endColumns": "96,123,110,97,102,111,97,88,105,96,124,110,102,103,50,52,67",
                        "endOffsets": "293,417,528,626,729,841,939,1028,1134,1231,1356,1467,1570,1674,1725,1778,1846"
                    },
                    "to": {
                        "startLines": "37,38,39,40,41,42,43,44,46,47,48,49,50,51,52,53,54",
                        "startColumns": "4,4,4,4,4,4,4,4,4,4,4,4,4,4,4,4,4",
                        "startOffsets": "3150,3251,3379,3494,3596,3703,3819,3921,4122,4232,4333,4462,4577,4684,4792,4847,4904",
                        "endColumns": "100,127,114,101,106,115,101,92,109,100,128,114,106,107,54,56,71",
                        "endOffsets": "3246,3374,3489,3591,3698,3814,3916,4009,4227,4328,4457,4572,4679,4787,4842,4899,4971"
                    }
                },
                {
                    "source": "/Users/hrishikeshprateek/.gradle/caches/transforms-3/49c827b69fa8a7f7c64c8edf0f9f028b/transformed/play-services-basement-18.0.0/res/values-zh-rHK/values.xml",
                    "from": {
                        "startLines": "4",
                        "startColumns": "0",
                        "startOffsets": "199",
                        "endColumns": "103",
                        "endOffsets": "302"
                    },
                    "to": {
                        "startLines": "45",
                        "startColumns": "4",
                        "startOffsets": "4014",
                        "endColumns": "107",
                        "endOffsets": "4117"
                    }
                },
                {
                    "source": "/Users/hrishikeshprateek/.gradle/caches/transforms-3/c395e7e1015ee83acecf070a1d54b71a/transformed/core-1.7.0/res/values-zh-rHK/values-zh-rHK.xml",
                    "from": {
                        "startLines": "2",
                        "startColumns": "4",
                        "startOffsets": "55",
                        "endColumns": "100",
                        "endOffsets": "151"
                    },
                    "to": {
                        "startLines": "110",
                        "startColumns": "4",
                        "startOffsets": "8857",
                        "endColumns": "100",
                        "endOffsets": "8953"
                    }
                },
                {
                    "source": "/Users/hrishikeshprateek/.gradle/caches/transforms-3/394bb91a0dbf29de2a48cd3ef978c15e/transformed/appcompat-1.4.2/res/values-zh-rHK/values-zh-rHK.xml",
                    "from": {
                        "startLines": "2,3,4,5,6,7,8,9,10,11,12,13,14,15,16,17,18,19,20,21,22,23,24,25,26,27,28,29",
                        "startColumns": "4,4,4,4,4,4,4,4,4,4,4,4,4,4,4,4,4,4,4,4,4,4,4,4,4,4,4,4",
                        "startOffsets": "105,200,293,393,475,572,680,757,832,924,1018,1109,1205,1300,1394,1490,1582,1674,1766,1844,1940,2035,2130,2227,2323,2421,2572,2666",
                        "endColumns": "94,92,99,81,96,107,76,74,91,93,90,95,94,93,95,91,91,91,77,95,94,94,96,95,97,150,93,78",
                        "endOffsets": "195,288,388,470,567,675,752,827,919,1013,1104,1200,1295,1389,1485,1577,1669,1761,1839,1935,2030,2125,2222,2318,2416,2567,2661,2740"
                    },
                    "to": {
                        "startLines": "6,7,8,9,10,11,12,13,14,15,16,17,18,19,20,21,22,23,24,25,26,27,28,29,30,31,32,109",
                        "startColumns": "4,4,4,4,4,4,4,4,4,4,4,4,4,4,4,4,4,4,4,4,4,4,4,4,4,4,4,4",
                        "startOffsets": "252,347,440,540,622,719,827,904,979,1071,1165,1256,1352,1447,1541,1637,1729,1821,1913,1991,2087,2182,2277,2374,2470,2568,2719,8778",
                        "endColumns": "94,92,99,81,96,107,76,74,91,93,90,95,94,93,95,91,91,91,77,95,94,94,96,95,97,150,93,78",
                        "endOffsets": "342,435,535,617,714,822,899,974,1066,1160,1251,1347,1442,1536,1632,1724,1816,1908,1986,2082,2177,2272,2369,2465,2563,2714,2808,8852"
                    }
                },
                {
                    "source": "/Users/hrishikeshprateek/.gradle/caches/transforms-3/12a739d4a1f4d0799a8dabc3595aa692/transformed/material-1.6.1/res/values-zh-rHK/values-zh-rHK.xml",
                    "from": {
                        "startLines": "2,6,7,8,9,10,11,12,13,14,15,16,17,18,19,20,21,22,23,24,25,26,27,28,29,30,31,32,33,34,35,36,37,38,39,40,41,42,43,44,45,46,47,48,49,50,51,52,53,54,55,56,57,58,59",
                        "startColumns": "4,4,4,4,4,4,4,4,4,4,4,4,4,4,4,4,4,4,4,4,4,4,4,4,4,4,4,4,4,4,4,4,4,4,4,4,4,4,4,4,4,4,4,4,4,4,4,4,4,4,4,4,4,4,4",
                        "startOffsets": "55,202,269,359,466,539,601,679,738,796,874,931,987,1046,1104,1158,1244,1300,1358,1412,1477,1570,1644,1722,1812,1875,1938,2015,2082,2148,2212,2281,2356,2417,2488,2555,2615,2695,2758,2841,2926,3000,3065,3141,3189,3253,3329,3407,3469,3533,3596,3676,3751,3827,3903",
                        "endLines": "5,6,7,8,9,10,11,12,13,14,15,16,17,18,19,20,21,22,23,24,25,26,27,28,29,30,31,32,33,34,35,36,37,38,39,40,41,42,43,44,45,46,47,48,49,50,51,52,53,54,55,56,57,58,59",
                        "endColumns": "12,66,89,106,72,61,77,58,57,77,56,55,58,57,53,85,55,57,53,64,92,73,77,89,62,62,76,66,65,63,68,74,60,70,66,59,79,62,82,84,73,64,75,47,63,75,77,61,63,62,79,74,75,75,68",
                        "endOffsets": "197,264,354,461,534,596,674,733,791,869,926,982,1041,1099,1153,1239,1295,1353,1407,1472,1565,1639,1717,1807,1870,1933,2010,2077,2143,2207,2276,2351,2412,2483,2550,2610,2690,2753,2836,2921,2995,3060,3136,3184,3248,3324,3402,3464,3528,3591,3671,3746,3822,3898,3967"
                    },
                    "to": {
                        "startLines": "2,33,34,35,36,56,57,61,62,63,64,65,66,67,68,69,70,71,72,73,74,75,76,77,78,79,80,81,82,83,84,85,86,87,88,89,90,91,92,93,94,95,96,97,98,99,100,101,102,103,104,105,106,107,108",
                        "startColumns": "4,4,4,4,4,4,4,4,4,4,4,4,4,4,4,4,4,4,4,4,4,4,4,4,4,4,4,4,4,4,4,4,4,4,4,4,4,4,4,4,4,4,4,4,4,4,4,4,4,4,4,4,4,4,4",
                        "startOffsets": "105,2813,2880,2970,3077,5059,5121,5485,5544,5602,5680,5737,5793,5852,5910,5964,6050,6106,6164,6218,6283,6376,6450,6528,6618,6681,6744,6821,6888,6954,7018,7087,7162,7223,7294,7361,7421,7501,7564,7647,7732,7806,7871,7947,7995,8059,8135,8213,8275,8339,8402,8482,8557,8633,8709",
                        "endLines": "5,33,34,35,36,56,57,61,62,63,64,65,66,67,68,69,70,71,72,73,74,75,76,77,78,79,80,81,82,83,84,85,86,87,88,89,90,91,92,93,94,95,96,97,98,99,100,101,102,103,104,105,106,107,108",
                        "endColumns": "12,66,89,106,72,61,77,58,57,77,56,55,58,57,53,85,55,57,53,64,92,73,77,89,62,62,76,66,65,63,68,74,60,70,66,59,79,62,82,84,73,64,75,47,63,75,77,61,63,62,79,74,75,75,68",
                        "endOffsets": "247,2875,2965,3072,3145,5116,5194,5539,5597,5675,5732,5788,5847,5905,5959,6045,6101,6159,6213,6278,6371,6445,6523,6613,6676,6739,6816,6883,6949,7013,7082,7157,7218,7289,7356,7416,7496,7559,7642,7727,7801,7866,7942,7990,8054,8130,8208,8270,8334,8397,8477,8552,8628,8704,8773"
                    }
                },
                {
                    "source": "/Users/hrishikeshprateek/.gradle/caches/transforms-3/7dd72130baac917b63f1fe236247c70e/transformed/browser-1.4.0/res/values-zh-rHK/values-zh-rHK.xml",
                    "from": {
                        "startLines": "2,3,4,5",
                        "startColumns": "4,4,4,4",
                        "startOffsets": "55,138,230,331",
                        "endColumns": "82,91,100,92",
                        "endOffsets": "133,225,326,419"
                    },
                    "to": {
                        "startLines": "55,58,59,60",
                        "startColumns": "4,4,4,4",
                        "startOffsets": "4976,5199,5291,5392",
                        "endColumns": "82,91,100,92",
                        "endOffsets": "5054,5286,5387,5480"
                    }
                }
            ]
        }
    ]
}