{
    "logs": [
        {
            "outputFile": "com.aigs.junctionbox.app-mergeDebugResources-28:/values-pt/values-pt.xml",
            "map": [
                {
                    "source": "/Users/hrishikeshprateek/.gradle/caches/transforms-3/394bb91a0dbf29de2a48cd3ef978c15e/transformed/appcompat-1.4.2/res/values-pt/values-pt.xml",
                    "from": {
                        "startLines": "2,3,4,5,6,7,8,9,10,11,12,13,14,15,16,17,18,19,20,21,22,23,24,25,26,27,28,29",
                        "startColumns": "4,4,4,4,4,4,4,4,4,4,4,4,4,4,4,4,4,4,4,4,4,4,4,4,4,4,4,4",
                        "startOffsets": "105,225,331,438,527,628,747,832,912,1003,1096,1191,1285,1385,1478,1573,1668,1759,1850,1935,2042,2153,2255,2363,2471,2581,2743,2843",
                        "endColumns": "119,105,106,88,100,118,84,79,90,92,94,93,99,92,94,94,90,90,84,106,110,101,107,107,109,161,99,85",
                        "endOffsets": "220,326,433,522,623,742,827,907,998,1091,1186,1280,1380,1473,1568,1663,1754,1845,1930,2037,2148,2250,2358,2466,2576,2738,2838,2924"
                    },
                    "to": {
                        "startLines": "2,3,4,5,6,7,8,9,10,11,12,13,14,15,16,17,18,19,20,21,22,23,24,25,26,27,28,33",
                        "startColumns": "4,4,4,4,4,4,4,4,4,4,4,4,4,4,4,4,4,4,4,4,4,4,4,4,4,4,4,4",
                        "startOffsets": "105,225,331,438,527,628,747,832,912,1003,1096,1191,1285,1385,1478,1573,1668,1759,1850,1935,2042,2153,2255,2363,2471,2581,2743,3275",
                        "endColumns": "119,105,106,88,100,118,84,79,90,92,94,93,99,92,94,94,90,90,84,106,110,101,107,107,109,161,99,85",
                        "endOffsets": "220,326,433,522,623,742,827,907,998,1091,1186,1280,1380,1473,1568,1663,1754,1845,1930,2037,2148,2250,2358,2466,2576,2738,2838,3356"
                    }
                },
                {
                    "source": "/Users/hrishikeshprateek/.gradle/caches/transforms-3/c395e7e1015ee83acecf070a1d54b71a/transformed/core-1.7.0/res/values-pt/values-pt.xml",
                    "from": {
                        "startLines": "2",
                        "startColumns": "4",
                        "startOffsets": "55",
                        "endColumns": "100",
                        "endOffsets": "151"
                    },
                    "to": {
                        "startLines": "34",
                        "startColumns": "4",
                        "startOffsets": "3361",
                        "endColumns": "100",
                        "endOffsets": "3457"
                    }
                },
                {
                    "source": "/Users/hrishikeshprateek/.gradle/caches/transforms-3/7dd72130baac917b63f1fe236247c70e/transformed/browser-1.4.0/res/values-pt/values-pt.xml",
                    "from": {
                        "startLines": "2,3,4,5",
                        "startColumns": "4,4,4,4",
                        "startOffsets": "55,170,269,381",
                        "endColumns": "114,98,111,105",
                        "endOffsets": "165,264,376,482"
                    },
                    "to": {
                        "startLines": "29,30,31,32",
                        "startColumns": "4,4,4,4",
                        "startOffsets": "2843,2958,3057,3169",
                        "endColumns": "114,98,111,105",
                        "endOffsets": "2953,3052,3164,3270"
                    }
                }
            ]
        }
    ]
}