{
    "logs": [
        {
            "outputFile": "com.aigs.junctionbox.app-mergeDebugResources-28:/values-hu/values-hu.xml",
            "map": [
                {
                    "source": "/Users/hrishikeshprateek/.gradle/caches/transforms-3/49c827b69fa8a7f7c64c8edf0f9f028b/transformed/play-services-basement-18.0.0/res/values-hu/values.xml",
                    "from": {
                        "startLines": "4",
                        "startColumns": "0",
                        "startOffsets": "195",
                        "endColumns": "172",
                        "endOffsets": "367"
                    },
                    "to": {
                        "startLines": "45",
                        "startColumns": "4",
                        "startOffsets": "4481",
                        "endColumns": "176",
                        "endOffsets": "4653"
                    }
                },
                {
                    "source": "/Users/hrishikeshprateek/.gradle/caches/transforms-3/c395e7e1015ee83acecf070a1d54b71a/transformed/core-1.7.0/res/values-hu/values-hu.xml",
                    "from": {
                        "startLines": "2",
                        "startColumns": "4",
                        "startOffsets": "55",
                        "endColumns": "100",
                        "endOffsets": "151"
                    },
                    "to": {
                        "startLines": "110",
                        "startColumns": "4",
                        "startOffsets": "10318",
                        "endColumns": "100",
                        "endOffsets": "10414"
                    }
                },
                {
                    "source": "/Users/hrishikeshprateek/.gradle/caches/transforms-3/12a739d4a1f4d0799a8dabc3595aa692/transformed/material-1.6.1/res/values-hu/values-hu.xml",
                    "from": {
                        "startLines": "2,6,7,8,9,10,11,12,13,14,15,16,17,18,19,20,21,22,23,24,25,26,27,28,29,30,31,32,33,34,35,36,37,38,39,40,41,42,43,44,45,46,47,48,49,50,51,52,53,54,55,56,57,58,59",
                        "startColumns": "4,4,4,4,4,4,4,4,4,4,4,4,4,4,4,4,4,4,4,4,4,4,4,4,4,4,4,4,4,4,4,4,4,4,4,4,4,4,4,4,4,4,4,4,4,4,4,4,4,4,4,4,4,4,4",
                        "startOffsets": "55,218,295,394,514,597,661,760,835,894,1004,1073,1131,1203,1264,1319,1422,1479,1539,1594,1675,1795,1878,1966,2071,2154,2234,2328,2395,2461,2537,2619,2705,2782,2857,2936,3013,3109,3186,3278,3375,3449,3534,3631,3683,3750,3838,3925,3987,4051,4114,4212,4309,4403,4501",
                        "endLines": "5,6,7,8,9,10,11,12,13,14,15,16,17,18,19,20,21,22,23,24,25,26,27,28,29,30,31,32,33,34,35,36,37,38,39,40,41,42,43,44,45,46,47,48,49,50,51,52,53,54,55,56,57,58,59",
                        "endColumns": "12,76,98,119,82,63,98,74,58,109,68,57,71,60,54,102,56,59,54,80,119,82,87,104,82,79,93,66,65,75,81,85,76,74,78,76,95,76,91,96,73,84,96,51,66,87,86,61,63,62,97,96,93,97,84",
                        "endOffsets": "213,290,389,509,592,656,755,830,889,999,1068,1126,1198,1259,1314,1417,1474,1534,1589,1670,1790,1873,1961,2066,2149,2229,2323,2390,2456,2532,2614,2700,2777,2852,2931,3008,3104,3181,3273,3370,3444,3529,3626,3678,3745,3833,3920,3982,4046,4109,4207,4304,4398,4496,4581"
                    },
                    "to": {
                        "startLines": "2,33,34,35,36,56,57,61,62,63,64,65,66,67,68,69,70,71,72,73,74,75,76,77,78,79,80,81,82,83,84,85,86,87,88,89,90,91,92,93,94,95,96,97,98,99,100,101,102,103,104,105,106,107,108",
                        "startColumns": "4,4,4,4,4,4,4,4,4,4,4,4,4,4,4,4,4,4,4,4,4,4,4,4,4,4,4,4,4,4,4,4,4,4,4,4,4,4,4,4,4,4,4,4,4,4,4,4,4,4,4,4,4,4,4",
                        "startOffsets": "105,3022,3099,3198,3318,5925,5989,6408,6483,6542,6652,6721,6779,6851,6912,6967,7070,7127,7187,7242,7323,7443,7526,7614,7719,7802,7882,7976,8043,8109,8185,8267,8353,8430,8505,8584,8661,8757,8834,8926,9023,9097,9182,9279,9331,9398,9486,9573,9635,9699,9762,9860,9957,10051,10149",
                        "endLines": "5,33,34,35,36,56,57,61,62,63,64,65,66,67,68,69,70,71,72,73,74,75,76,77,78,79,80,81,82,83,84,85,86,87,88,89,90,91,92,93,94,95,96,97,98,99,100,101,102,103,104,105,106,107,108",
                        "endColumns": "12,76,98,119,82,63,98,74,58,109,68,57,71,60,54,102,56,59,54,80,119,82,87,104,82,79,93,66,65,75,81,85,76,74,78,76,95,76,91,96,73,84,96,51,66,87,86,61,63,62,97,96,93,97,84",
                        "endOffsets": "263,3094,3193,3313,3396,5984,6083,6478,6537,6647,6716,6774,6846,6907,6962,7065,7122,7182,7237,7318,7438,7521,7609,7714,7797,7877,7971,8038,8104,8180,8262,8348,8425,8500,8579,8656,8752,8829,8921,9018,9092,9177,9274,9326,9393,9481,9568,9630,9694,9757,9855,9952,10046,10144,10229"
                    }
                },
                {
                    "source": "/Users/hrishikeshprateek/.gradle/caches/transforms-3/7dd72130baac917b63f1fe236247c70e/transformed/browser-1.4.0/res/values-hu/values-hu.xml",
                    "from": {
                        "startLines": "2,3,4,5",
                        "startColumns": "4,4,4,4",
                        "startOffsets": "55,151,252,367",
                        "endColumns": "95,100,114,103",
                        "endOffsets": "146,247,362,466"
                    },
                    "to": {
                        "startLines": "55,58,59,60",
                        "startColumns": "4,4,4,4",
                        "startOffsets": "5829,6088,6189,6304",
                        "endColumns": "95,100,114,103",
                        "endOffsets": "5920,6184,6299,6403"
                    }
                },
                {
                    "source": "/Users/hrishikeshprateek/.gradle/caches/transforms-3/394bb91a0dbf29de2a48cd3ef978c15e/transformed/appcompat-1.4.2/res/values-hu/values-hu.xml",
                    "from": {
                        "startLines": "2,3,4,5,6,7,8,9,10,11,12,13,14,15,16,17,18,19,20,21,22,23,24,25,26,27,28,29",
                        "startColumns": "4,4,4,4,4,4,4,4,4,4,4,4,4,4,4,4,4,4,4,4,4,4,4,4,4,4,4,4",
                        "startOffsets": "105,213,305,420,504,619,742,819,894,985,1078,1173,1267,1367,1460,1555,1650,1741,1832,1915,2025,2135,2235,2346,2455,2574,2756,2859",
                        "endColumns": "107,91,114,83,114,122,76,74,90,92,94,93,99,92,94,94,90,90,82,109,109,99,110,108,118,181,102,83",
                        "endOffsets": "208,300,415,499,614,737,814,889,980,1073,1168,1262,1362,1455,1550,1645,1736,1827,1910,2020,2130,2230,2341,2450,2569,2751,2854,2938"
                    },
                    "to": {
                        "startLines": "6,7,8,9,10,11,12,13,14,15,16,17,18,19,20,21,22,23,24,25,26,27,28,29,30,31,32,109",
                        "startColumns": "4,4,4,4,4,4,4,4,4,4,4,4,4,4,4,4,4,4,4,4,4,4,4,4,4,4,4,4",
                        "startOffsets": "268,376,468,583,667,782,905,982,1057,1148,1241,1336,1430,1530,1623,1718,1813,1904,1995,2078,2188,2298,2398,2509,2618,2737,2919,10234",
                        "endColumns": "107,91,114,83,114,122,76,74,90,92,94,93,99,92,94,94,90,90,82,109,109,99,110,108,118,181,102,83",
                        "endOffsets": "371,463,578,662,777,900,977,1052,1143,1236,1331,1425,1525,1618,1713,1808,1899,1990,2073,2183,2293,2393,2504,2613,2732,2914,3017,10313"
                    }
                },
                {
                    "source": "/Users/hrishikeshprateek/.gradle/caches/transforms-3/2e555aa60c2973d1a450e632503526ba/transformed/play-services-base-18.0.1/res/values-hu/values.xml",
                    "from": {
                        "startLines": "4,5,6,7,8,9,10,11,12,13,14,15,16,17,18,19,20",
                        "startColumns": "0,0,0,0,0,0,0,0,0,0,0,0,0,0,0,0,0",
                        "startOffsets": "193,300,480,614,719,883,1017,1135,1241,1407,1511,1692,1825,1993,2161,2228,2292",
                        "endColumns": "106,179,133,104,163,133,117,105,165,103,180,132,167,167,66,63,83",
                        "endOffsets": "299,479,613,718,882,1016,1134,1240,1406,1510,1691,1824,1992,2160,2227,2291,2375"
                    },
                    "to": {
                        "startLines": "37,38,39,40,41,42,43,44,46,47,48,49,50,51,52,53,54",
                        "startColumns": "4,4,4,4,4,4,4,4,4,4,4,4,4,4,4,4,4",
                        "startOffsets": "3401,3512,3696,3834,3943,4111,4249,4371,4658,4828,4936,5121,5258,5430,5602,5673,5741",
                        "endColumns": "110,183,137,108,167,137,121,109,169,107,184,136,171,171,70,67,87",
                        "endOffsets": "3507,3691,3829,3938,4106,4244,4366,4476,4823,4931,5116,5253,5425,5597,5668,5736,5824"
                    }
                }
            ]
        }
    ]
}