{
    "logs": [
        {
            "outputFile": "com.aigs.junctionbox.app-mergeDebugResources-28:/values-hr/values-hr.xml",
            "map": [
                {
                    "source": "/Users/hrishikeshprateek/.gradle/caches/transforms-3/7dd72130baac917b63f1fe236247c70e/transformed/browser-1.4.0/res/values-hr/values-hr.xml",
                    "from": {
                        "startLines": "2,3,4,5",
                        "startColumns": "4,4,4,4",
                        "startOffsets": "55,160,260,374",
                        "endColumns": "104,99,113,101",
                        "endOffsets": "155,255,369,471"
                    },
                    "to": {
                        "startLines": "56,59,60,61",
                        "startColumns": "4,4,4,4",
                        "startOffsets": "5618,5887,5987,6101",
                        "endColumns": "104,99,113,101",
                        "endOffsets": "5718,5982,6096,6198"
                    }
                },
                {
                    "source": "/Users/hrishikeshprateek/.gradle/caches/transforms-3/c395e7e1015ee83acecf070a1d54b71a/transformed/core-1.7.0/res/values-hr/values-hr.xml",
                    "from": {
                        "startLines": "2",
                        "startColumns": "4",
                        "startOffsets": "55",
                        "endColumns": "100",
                        "endOffsets": "151"
                    },
                    "to": {
                        "startLines": "111",
                        "startColumns": "4",
                        "startOffsets": "10122",
                        "endColumns": "100",
                        "endOffsets": "10218"
                    }
                },
                {
                    "source": "/Users/hrishikeshprateek/.gradle/caches/transforms-3/12a739d4a1f4d0799a8dabc3595aa692/transformed/material-1.6.1/res/values-hr/values-hr.xml",
                    "from": {
                        "startLines": "2,7,8,9,10,11,12,13,14,15,16,17,18,19,20,21,22,23,24,25,26,27,28,29,30,31,32,33,34,35,36,37,38,39,40,41,42,43,44,45,46,47,48,49,50,51,52,53,54,55,56,57,58,59,60",
                        "startColumns": "4,4,4,4,4,4,4,4,4,4,4,4,4,4,4,4,4,4,4,4,4,4,4,4,4,4,4,4,4,4,4,4,4,4,4,4,4,4,4,4,4,4,4,4,4,4,4,4,4,4,4,4,4,4,4",
                        "startOffsets": "55,275,360,456,586,670,738,834,902,965,1073,1139,1195,1266,1326,1380,1506,1563,1625,1679,1754,1888,1973,2054,2161,2245,2331,2422,2489,2555,2629,2707,2795,2867,2944,3024,3098,3191,3264,3356,3452,3526,3602,3698,3750,3817,3904,3991,4053,4117,4180,4286,4387,4484,4588",
                        "endLines": "6,7,8,9,10,11,12,13,14,15,16,17,18,19,20,21,22,23,24,25,26,27,28,29,30,31,32,33,34,35,36,37,38,39,40,41,42,43,44,45,46,47,48,49,50,51,52,53,54,55,56,57,58,59,60",
                        "endColumns": "12,84,95,129,83,67,95,67,62,107,65,55,70,59,53,125,56,61,53,74,133,84,80,106,83,85,90,66,65,73,77,87,71,76,79,73,92,72,91,95,73,75,95,51,66,86,86,61,63,62,105,100,96,103,79",
                        "endOffsets": "270,355,451,581,665,733,829,897,960,1068,1134,1190,1261,1321,1375,1501,1558,1620,1674,1749,1883,1968,2049,2156,2240,2326,2417,2484,2550,2624,2702,2790,2862,2939,3019,3093,3186,3259,3351,3447,3521,3597,3693,3745,3812,3899,3986,4048,4112,4175,4281,4382,4479,4583,4663"
                    },
                    "to": {
                        "startLines": "2,34,35,36,37,57,58,62,63,64,65,66,67,68,69,70,71,72,73,74,75,76,77,78,79,80,81,82,83,84,85,86,87,88,89,90,91,92,93,94,95,96,97,98,99,100,101,102,103,104,105,106,107,108,109",
                        "startColumns": "4,4,4,4,4,4,4,4,4,4,4,4,4,4,4,4,4,4,4,4,4,4,4,4,4,4,4,4,4,4,4,4,4,4,4,4,4,4,4,4,4,4,4,4,4,4,4,4,4,4,4,4,4,4,4",
                        "startOffsets": "105,3036,3121,3217,3347,5723,5791,6203,6271,6334,6442,6508,6564,6635,6695,6749,6875,6932,6994,7048,7123,7257,7342,7423,7530,7614,7700,7791,7858,7924,7998,8076,8164,8236,8313,8393,8467,8560,8633,8725,8821,8895,8971,9067,9119,9186,9273,9360,9422,9486,9549,9655,9756,9853,9957",
                        "endLines": "6,34,35,36,37,57,58,62,63,64,65,66,67,68,69,70,71,72,73,74,75,76,77,78,79,80,81,82,83,84,85,86,87,88,89,90,91,92,93,94,95,96,97,98,99,100,101,102,103,104,105,106,107,108,109",
                        "endColumns": "12,84,95,129,83,67,95,67,62,107,65,55,70,59,53,125,56,61,53,74,133,84,80,106,83,85,90,66,65,73,77,87,71,76,79,73,92,72,91,95,73,75,95,51,66,86,86,61,63,62,105,100,96,103,79",
                        "endOffsets": "320,3116,3212,3342,3426,5786,5882,6266,6329,6437,6503,6559,6630,6690,6744,6870,6927,6989,7043,7118,7252,7337,7418,7525,7609,7695,7786,7853,7919,7993,8071,8159,8231,8308,8388,8462,8555,8628,8720,8816,8890,8966,9062,9114,9181,9268,9355,9417,9481,9544,9650,9751,9848,9952,10032"
                    }
                },
                {
                    "source": "/Users/hrishikeshprateek/.gradle/caches/transforms-3/49c827b69fa8a7f7c64c8edf0f9f028b/transformed/play-services-basement-18.0.0/res/values-hr/values.xml",
                    "from": {
                        "startLines": "4",
                        "startColumns": "0",
                        "startOffsets": "195",
                        "endColumns": "127",
                        "endOffsets": "322"
                    },
                    "to": {
                        "startLines": "46",
                        "startColumns": "4",
                        "startOffsets": "4443",
                        "endColumns": "131",
                        "endOffsets": "4570"
                    }
                },
                {
                    "source": "/Users/hrishikeshprateek/.gradle/caches/transforms-3/394bb91a0dbf29de2a48cd3ef978c15e/transformed/appcompat-1.4.2/res/values-hr/values-hr.xml",
                    "from": {
                        "startLines": "2,3,4,5,6,7,8,9,10,11,12,13,14,15,16,17,18,19,20,21,22,23,24,25,26,27,28,29",
                        "startColumns": "4,4,4,4,4,4,4,4,4,4,4,4,4,4,4,4,4,4,4,4,4,4,4,4,4,4,4,4",
                        "startOffsets": "105,210,305,412,498,602,721,806,888,979,1072,1167,1261,1361,1454,1549,1644,1735,1826,1912,2016,2128,2229,2334,2448,2550,2719,2816",
                        "endColumns": "104,94,106,85,103,118,84,81,90,92,94,93,99,92,94,94,90,90,85,103,111,100,104,113,101,168,96,84",
                        "endOffsets": "205,300,407,493,597,716,801,883,974,1067,1162,1256,1356,1449,1544,1639,1730,1821,1907,2011,2123,2224,2329,2443,2545,2714,2811,2896"
                    },
                    "to": {
                        "startLines": "7,8,9,10,11,12,13,14,15,16,17,18,19,20,21,22,23,24,25,26,27,28,29,30,31,32,33,110",
                        "startColumns": "4,4,4,4,4,4,4,4,4,4,4,4,4,4,4,4,4,4,4,4,4,4,4,4,4,4,4,4",
                        "startOffsets": "325,430,525,632,718,822,941,1026,1108,1199,1292,1387,1481,1581,1674,1769,1864,1955,2046,2132,2236,2348,2449,2554,2668,2770,2939,10037",
                        "endColumns": "104,94,106,85,103,118,84,81,90,92,94,93,99,92,94,94,90,90,85,103,111,100,104,113,101,168,96,84",
                        "endOffsets": "425,520,627,713,817,936,1021,1103,1194,1287,1382,1476,1576,1669,1764,1859,1950,2041,2127,2231,2343,2444,2549,2663,2765,2934,3031,10117"
                    }
                },
                {
                    "source": "/Users/hrishikeshprateek/.gradle/caches/transforms-3/2e555aa60c2973d1a450e632503526ba/transformed/play-services-base-18.0.1/res/values-hr/values.xml",
                    "from": {
                        "startLines": "4,5,6,7,8,9,10,11,12,13,14,15,16,17,18,19,20",
                        "startColumns": "0,0,0,0,0,0,0,0,0,0,0,0,0,0,0,0,0",
                        "startOffsets": "193,295,448,574,680,833,959,1070,1173,1319,1422,1575,1699,1842,1981,2045,2103",
                        "endColumns": "101,152,125,105,152,125,110,102,145,102,152,123,142,138,63,57,76",
                        "endOffsets": "294,447,573,679,832,958,1069,1172,1318,1421,1574,1698,1841,1980,2044,2102,2179"
                    },
                    "to": {
                        "startLines": "38,39,40,41,42,43,44,45,47,48,49,50,51,52,53,54,55",
                        "startColumns": "4,4,4,4,4,4,4,4,4,4,4,4,4,4,4,4,4",
                        "startOffsets": "3431,3537,3694,3824,3934,4091,4221,4336,4575,4725,4832,4989,5117,5264,5407,5475,5537",
                        "endColumns": "105,156,129,109,156,129,114,106,149,106,156,127,146,142,67,61,80",
                        "endOffsets": "3532,3689,3819,3929,4086,4216,4331,4438,4720,4827,4984,5112,5259,5402,5470,5532,5613"
                    }
                }
            ]
        }
    ]
}