{
    "logs": [
        {
            "outputFile": "com.aigs.junctionbox.app-mergeDebugResources-28:/values-v16/values-v16.xml",
            "map": [
                {
                    "source": "/Users/hrishikeshprateek/.gradle/caches/transforms-3/c395e7e1015ee83acecf070a1d54b71a/transformed/core-1.7.0/res/values-v16/values-v16.xml",
                    "from": {
                        "startLines": "2",
                        "startColumns": "4",
                        "startOffsets": "55",
                        "endColumns": "65",
                        "endOffsets": "116"
                    }
                },
                {
                    "source": "/Users/hrishikeshprateek/.gradle/caches/transforms-3/394bb91a0dbf29de2a48cd3ef978c15e/transformed/appcompat-1.4.2/res/values-v16/values-v16.xml",
                    "from": {
                        "startLines": "2",
                        "startColumns": "4",
                        "startOffsets": "55",
                        "endLines": "5",
                        "endColumns": "12",
                        "endOffsets": "223"
                    },
                    "to": {
                        "startLines": "3",
                        "startColumns": "4",
                        "startOffsets": "121",
                        "endLines": "6",
                        "endColumns": "12",
                        "endOffsets": "289"
                    }
                }
            ]
        }
    ]
}