{
    "logs": [
        {
            "outputFile": "com.aigs.junctionbox.app-mergeDebugResources-28:/values-v22/values-v22.xml",
            "map": [
                {
                    "source": "/Users/hrishikeshprateek/.gradle/caches/transforms-3/394bb91a0dbf29de2a48cd3ef978c15e/transformed/appcompat-1.4.2/res/values-v22/values-v22.xml",
                    "from": {
                        "startLines": "2,3,4,9",
                        "startColumns": "4,4,4,4",
                        "startOffsets": "55,130,217,553",
                        "endLines": "2,3,8,13",
                        "endColumns": "74,86,12,12",
                        "endOffsets": "125,212,548,896"
                    },
                    "to": {
                        "startLines": "2,3,4,9",
                        "startColumns": "4,4,4,4",
                        "startOffsets": "55,130,217,487",
                        "endLines": "2,3,8,13",
                        "endColumns": "74,86,12,12",
                        "endOffsets": "125,212,482,764"
                    }
                }
            ]
        }
    ]
}