{
    "logs": [
        {
            "outputFile": "com.aigs.junctionbox.app-mergeDebugResources-28:/values-h360dp-land-v13/values-h360dp-land-v13.xml",
            "map": [
                {
                    "source": "/Users/hrishikeshprateek/.gradle/caches/transforms-3/12a739d4a1f4d0799a8dabc3595aa692/transformed/material-1.6.1/res/values-h360dp-land-v13/values-h360dp-land-v13.xml",
                    "from": {
                        "startLines": "2,3,4,5,6,7,8,9,10",
                        "startColumns": "4,4,4,4,4,4,4,4,4",
                        "startOffsets": "55,114,170,226,293,358,413,478,547",
                        "endColumns": "58,55,55,66,64,54,64,68,68",
                        "endOffsets": "109,165,221,288,353,408,473,542,611"
                    }
                }
            ]
        }
    ]
}