<?xml version="1.0" encoding="utf-8"?>
<resources xmlns:ns1="http://schemas.android.com/tools">
    <color name="black">#FF000000</color>
    <color name="purple_200">#FFBB86FC</color>
    <color name="purple_500">#FF6200EE</color>
    <color name="purple_700">#FF3700B3</color>
    <color name="teal_200">#FF03DAC5</color>
    <color name="teal_700">#FF018786</color>
    <color name="white">#FFFFFFFF</color>
    <string name="app_name">Junction Box</string>
    <string name="default_web_client_id" translatable="false">1093704912494-7for5okj8uc1d4g251otb3u9buk71dp4.apps.googleusercontent.com</string>
    <string name="gcm_defaultSenderId" translatable="false">1093704912494</string>
    <string name="google_api_key" translatable="false">AIzaSyBttctVXCozxnaNa9IJP13W0tkG-hhrbwU</string>
    <string name="google_app_id" translatable="false">1:1093704912494:android:a2d1375547881d91b0207f</string>
    <string name="google_crash_reporting_api_key" translatable="false">AIzaSyBttctVXCozxnaNa9IJP13W0tkG-hhrbwU</string>
    <string name="google_storage_bucket" translatable="false">junction-box-58d76.appspot.com</string>
    <string name="project_id" translatable="false">junction-box-58d76</string>
    <style name="Theme.JunctionBox" parent="Theme.MaterialComponents.DayNight.NoActionBar">
        
        <item name="colorPrimary">@color/purple_500</item>
        <item name="colorPrimaryVariant">@color/purple_700</item>
        <item name="colorOnPrimary">@color/white</item>
        
        <item name="colorSecondary">@color/teal_200</item>
        <item name="colorSecondaryVariant">@color/teal_700</item>
        <item name="colorOnSecondary">@color/black</item>
        
        <item name="android:statusBarColor" ns1:targetApi="l">?attr/colorPrimaryVariant</item>
        
    </style>
</resources>