{
    "logs": [
        {
            "outputFile": "com.aigs.junctionbox.app-mergeDebugResources-28:/values-fr/values-fr.xml",
            "map": [
                {
                    "source": "/Users/hrishikeshprateek/.gradle/caches/transforms-3/394bb91a0dbf29de2a48cd3ef978c15e/transformed/appcompat-1.4.2/res/values-fr/values-fr.xml",
                    "from": {
                        "startLines": "2,3,4,5,6,7,8,9,10,11,12,13,14,15,16,17,18,19,20,21,22,23,24,25,26,27,28,29",
                        "startColumns": "4,4,4,4,4,4,4,4,4,4,4,4,4,4,4,4,4,4,4,4,4,4,4,4,4,4,4,4",
                        "startOffsets": "105,216,331,441,523,629,759,837,913,1004,1097,1195,1290,1390,1483,1576,1671,1762,1853,1939,2049,2160,2263,2374,2482,2589,2748,2847",
                        "endColumns": "110,114,109,81,105,129,77,75,90,92,97,94,99,92,92,94,90,90,85,109,110,102,110,107,106,158,98,86",
                        "endOffsets": "211,326,436,518,624,754,832,908,999,1092,1190,1285,1385,1478,1571,1666,1757,1848,1934,2044,2155,2258,2369,2477,2584,2743,2842,2929"
                    },
                    "to": {
                        "startLines": "6,7,8,9,10,11,12,13,14,15,16,17,18,19,20,21,22,23,24,25,26,27,28,29,30,31,32,109",
                        "startColumns": "4,4,4,4,4,4,4,4,4,4,4,4,4,4,4,4,4,4,4,4,4,4,4,4,4,4,4,4",
                        "startOffsets": "288,399,514,624,706,812,942,1020,1096,1187,1280,1378,1473,1573,1666,1759,1854,1945,2036,2122,2232,2343,2446,2557,2665,2772,2931,10317",
                        "endColumns": "110,114,109,81,105,129,77,75,90,92,97,94,99,92,92,94,90,90,85,109,110,102,110,107,106,158,98,86",
                        "endOffsets": "394,509,619,701,807,937,1015,1091,1182,1275,1373,1468,1568,1661,1754,1849,1940,2031,2117,2227,2338,2441,2552,2660,2767,2926,3025,10399"
                    }
                },
                {
                    "source": "/Users/hrishikeshprateek/.gradle/caches/transforms-3/49c827b69fa8a7f7c64c8edf0f9f028b/transformed/play-services-basement-18.0.0/res/values-fr/values.xml",
                    "from": {
                        "startLines": "4",
                        "startColumns": "0",
                        "startOffsets": "195",
                        "endColumns": "160",
                        "endOffsets": "355"
                    },
                    "to": {
                        "startLines": "45",
                        "startColumns": "4",
                        "startOffsets": "4489",
                        "endColumns": "164",
                        "endOffsets": "4649"
                    }
                },
                {
                    "source": "/Users/hrishikeshprateek/.gradle/caches/transforms-3/2e555aa60c2973d1a450e632503526ba/transformed/play-services-base-18.0.1/res/values-fr/values.xml",
                    "from": {
                        "startLines": "4,5,6,7,8,9,10,11,12,13,14,15,16,17,18,19,20",
                        "startColumns": "0,0,0,0,0,0,0,0,0,0,0,0,0,0,0,0,0",
                        "startOffsets": "193,295,471,597,702,869,998,1115,1224,1398,1506,1687,1819,1975,2150,2219,2282",
                        "endColumns": "101,175,125,104,166,128,116,108,173,107,180,131,155,174,68,62,79",
                        "endOffsets": "294,470,596,701,868,997,1114,1223,1397,1505,1686,1818,1974,2149,2218,2281,2361"
                    },
                    "to": {
                        "startLines": "37,38,39,40,41,42,43,44,46,47,48,49,50,51,52,53,54",
                        "startColumns": "4,4,4,4,4,4,4,4,4,4,4,4,4,4,4,4,4",
                        "startOffsets": "3426,3532,3712,3842,3951,4122,4255,4376,4654,4832,4944,5129,5265,5425,5604,5677,5744",
                        "endColumns": "105,179,129,108,170,132,120,112,177,111,184,135,159,178,72,66,83",
                        "endOffsets": "3527,3707,3837,3946,4117,4250,4371,4484,4827,4939,5124,5260,5420,5599,5672,5739,5823"
                    }
                },
                {
                    "source": "/Users/hrishikeshprateek/.gradle/caches/transforms-3/c395e7e1015ee83acecf070a1d54b71a/transformed/core-1.7.0/res/values-fr/values-fr.xml",
                    "from": {
                        "startLines": "2",
                        "startColumns": "4",
                        "startOffsets": "55",
                        "endColumns": "100",
                        "endOffsets": "151"
                    },
                    "to": {
                        "startLines": "110",
                        "startColumns": "4",
                        "startOffsets": "10404",
                        "endColumns": "100",
                        "endOffsets": "10500"
                    }
                },
                {
                    "source": "/Users/hrishikeshprateek/.gradle/caches/transforms-3/7dd72130baac917b63f1fe236247c70e/transformed/browser-1.4.0/res/values-fr/values-fr.xml",
                    "from": {
                        "startLines": "2,3,4,5",
                        "startColumns": "4,4,4,4",
                        "startOffsets": "55,162,264,383",
                        "endColumns": "106,101,118,104",
                        "endOffsets": "157,259,378,483"
                    },
                    "to": {
                        "startLines": "55,58,59,60",
                        "startColumns": "4,4,4,4",
                        "startOffsets": "5828,6098,6200,6319",
                        "endColumns": "106,101,118,104",
                        "endOffsets": "5930,6195,6314,6419"
                    }
                },
                {
                    "source": "/Users/hrishikeshprateek/.gradle/caches/transforms-3/12a739d4a1f4d0799a8dabc3595aa692/transformed/material-1.6.1/res/values-fr/values-fr.xml",
                    "from": {
                        "startLines": "2,6,7,8,9,10,11,12,13,14,15,16,17,18,19,20,21,22,23,24,25,26,27,28,29,30,31,32,33,34,35,36,37,38,39,40,41,42,43,44,45,46,47,48,49,50,51,52,53,54,55,56,57,58,59",
                        "startColumns": "4,4,4,4,4,4,4,4,4,4,4,4,4,4,4,4,4,4,4,4,4,4,4,4,4,4,4,4,4,4,4,4,4,4,4,4,4,4,4,4,4,4,4,4,4,4,4,4,4,4,4,4,4,4,4",
                        "startOffsets": "55,238,321,419,549,634,700,797,880,946,1048,1123,1179,1258,1318,1372,1494,1553,1615,1669,1751,1886,1978,2062,2176,2255,2336,2429,2496,2562,2642,2723,2826,2899,2977,3050,3122,3215,3287,3379,3471,3545,3629,3721,3778,3844,3927,4014,4076,4140,4203,4305,4403,4500,4601",
                        "endLines": "5,6,7,8,9,10,11,12,13,14,15,16,17,18,19,20,21,22,23,24,25,26,27,28,29,30,31,32,33,34,35,36,37,38,39,40,41,42,43,44,45,46,47,48,49,50,51,52,53,54,55,56,57,58,59",
                        "endColumns": "12,82,97,129,84,65,96,82,65,101,74,55,78,59,53,121,58,61,53,81,134,91,83,113,78,80,92,66,65,79,80,102,72,77,72,71,92,71,91,91,73,83,91,56,65,82,86,61,63,62,101,97,96,100,88",
                        "endOffsets": "233,316,414,544,629,695,792,875,941,1043,1118,1174,1253,1313,1367,1489,1548,1610,1664,1746,1881,1973,2057,2171,2250,2331,2424,2491,2557,2637,2718,2821,2894,2972,3045,3117,3210,3282,3374,3466,3540,3624,3716,3773,3839,3922,4009,4071,4135,4198,4300,4398,4495,4596,4685"
                    },
                    "to": {
                        "startLines": "2,33,34,35,36,56,57,61,62,63,64,65,66,67,68,69,70,71,72,73,74,75,76,77,78,79,80,81,82,83,84,85,86,87,88,89,90,91,92,93,94,95,96,97,98,99,100,101,102,103,104,105,106,107,108",
                        "startColumns": "4,4,4,4,4,4,4,4,4,4,4,4,4,4,4,4,4,4,4,4,4,4,4,4,4,4,4,4,4,4,4,4,4,4,4,4,4,4,4,4,4,4,4,4,4,4,4,4,4,4,4,4,4,4,4",
                        "startOffsets": "105,3030,3113,3211,3341,5935,6001,6424,6507,6573,6675,6750,6806,6885,6945,6999,7121,7180,7242,7296,7378,7513,7605,7689,7803,7882,7963,8056,8123,8189,8269,8350,8453,8526,8604,8677,8749,8842,8914,9006,9098,9172,9256,9348,9405,9471,9554,9641,9703,9767,9830,9932,10030,10127,10228",
                        "endLines": "5,33,34,35,36,56,57,61,62,63,64,65,66,67,68,69,70,71,72,73,74,75,76,77,78,79,80,81,82,83,84,85,86,87,88,89,90,91,92,93,94,95,96,97,98,99,100,101,102,103,104,105,106,107,108",
                        "endColumns": "12,82,97,129,84,65,96,82,65,101,74,55,78,59,53,121,58,61,53,81,134,91,83,113,78,80,92,66,65,79,80,102,72,77,72,71,92,71,91,91,73,83,91,56,65,82,86,61,63,62,101,97,96,100,88",
                        "endOffsets": "283,3108,3206,3336,3421,5996,6093,6502,6568,6670,6745,6801,6880,6940,6994,7116,7175,7237,7291,7373,7508,7600,7684,7798,7877,7958,8051,8118,8184,8264,8345,8448,8521,8599,8672,8744,8837,8909,9001,9093,9167,9251,9343,9400,9466,9549,9636,9698,9762,9825,9927,10025,10122,10223,10312"
                    }
                }
            ]
        }
    ]
}