{
    "logs": [
        {
            "outputFile": "com.aigs.junctionbox.app-mergeDebugResources-28:/values-cs/values-cs.xml",
            "map": [
                {
                    "source": "/Users/hrishikeshprateek/.gradle/caches/transforms-3/2e555aa60c2973d1a450e632503526ba/transformed/play-services-base-18.0.1/res/values-cs/values.xml",
                    "from": {
                        "startLines": "4,5,6,7,8,9,10,11,12,13,14,15,16,17,18,19,20",
                        "startColumns": "0,0,0,0,0,0,0,0,0,0,0,0,0,0,0,0,0",
                        "startOffsets": "193,295,451,572,678,827,950,1058,1155,1326,1433,1593,1717,1874,2025,2089,2152",
                        "endColumns": "101,155,120,105,148,122,107,96,170,106,159,123,156,150,63,62,81",
                        "endOffsets": "294,450,571,677,826,949,1057,1154,1325,1432,1592,1716,1873,2024,2088,2151,2233"
                    },
                    "to": {
                        "startLines": "39,40,41,42,43,44,45,46,48,49,50,51,52,53,54,55,56",
                        "startColumns": "4,4,4,4,4,4,4,4,4,4,4,4,4,4,4,4,4",
                        "startOffsets": "3443,3549,3709,3834,3944,4097,4224,4336,4580,4755,4866,5030,5158,5319,5474,5542,5609",
                        "endColumns": "105,159,124,109,152,126,111,100,174,110,163,127,160,154,67,66,85",
                        "endOffsets": "3544,3704,3829,3939,4092,4219,4331,4432,4750,4861,5025,5153,5314,5469,5537,5604,5690"
                    }
                },
                {
                    "source": "/Users/hrishikeshprateek/.gradle/caches/transforms-3/394bb91a0dbf29de2a48cd3ef978c15e/transformed/appcompat-1.4.2/res/values-cs/values-cs.xml",
                    "from": {
                        "startLines": "2,3,4,5,6,7,8,9,10,11,12,13,14,15,16,17,18,19,20,21,22,23,24,25,26,27,28,29",
                        "startColumns": "4,4,4,4,4,4,4,4,4,4,4,4,4,4,4,4,4,4,4,4,4,4,4,4,4,4,4,4",
                        "startOffsets": "105,212,314,424,510,615,732,810,886,977,1070,1165,1259,1353,1446,1541,1638,1729,1820,1904,2008,2120,2219,2325,2436,2538,2701,2799",
                        "endColumns": "106,101,109,85,104,116,77,75,90,92,94,93,93,92,94,96,90,90,83,103,111,98,105,110,101,162,97,82",
                        "endOffsets": "207,309,419,505,610,727,805,881,972,1065,1160,1254,1348,1441,1536,1633,1724,1815,1899,2003,2115,2214,2320,2431,2533,2696,2794,2877"
                    },
                    "to": {
                        "startLines": "8,9,10,11,12,13,14,15,16,17,18,19,20,21,22,23,24,25,26,27,28,29,30,31,32,33,34,111",
                        "startColumns": "4,4,4,4,4,4,4,4,4,4,4,4,4,4,4,4,4,4,4,4,4,4,4,4,4,4,4,4",
                        "startOffsets": "373,480,582,692,778,883,1000,1078,1154,1245,1338,1433,1527,1621,1714,1809,1906,1997,2088,2172,2276,2388,2487,2593,2704,2806,2969,10041",
                        "endColumns": "106,101,109,85,104,116,77,75,90,92,94,93,93,92,94,96,90,90,83,103,111,98,105,110,101,162,97,82",
                        "endOffsets": "475,577,687,773,878,995,1073,1149,1240,1333,1428,1522,1616,1709,1804,1901,1992,2083,2167,2271,2383,2482,2588,2699,2801,2964,3062,10119"
                    }
                },
                {
                    "source": "/Users/hrishikeshprateek/.gradle/caches/transforms-3/49c827b69fa8a7f7c64c8edf0f9f028b/transformed/play-services-basement-18.0.0/res/values-cs/values.xml",
                    "from": {
                        "startLines": "4",
                        "startColumns": "0",
                        "startOffsets": "195",
                        "endColumns": "138",
                        "endOffsets": "333"
                    },
                    "to": {
                        "startLines": "47",
                        "startColumns": "4",
                        "startOffsets": "4437",
                        "endColumns": "142",
                        "endOffsets": "4575"
                    }
                },
                {
                    "source": "/Users/hrishikeshprateek/.gradle/caches/transforms-3/c395e7e1015ee83acecf070a1d54b71a/transformed/core-1.7.0/res/values-cs/values-cs.xml",
                    "from": {
                        "startLines": "2",
                        "startColumns": "4",
                        "startOffsets": "55",
                        "endColumns": "100",
                        "endOffsets": "151"
                    },
                    "to": {
                        "startLines": "112",
                        "startColumns": "4",
                        "startOffsets": "10124",
                        "endColumns": "100",
                        "endOffsets": "10220"
                    }
                },
                {
                    "source": "/Users/hrishikeshprateek/.gradle/caches/transforms-3/12a739d4a1f4d0799a8dabc3595aa692/transformed/material-1.6.1/res/values-cs/values-cs.xml",
                    "from": {
                        "startLines": "2,8,9,10,11,12,13,14,15,16,17,18,19,20,21,22,23,24,25,26,27,28,29,30,31,32,33,34,35,36,37,38,39,40,41,42,43,44,45,46,47,48,49,50,51,52,53,54,55,56,57,58,59,60,61",
                        "startColumns": "4,4,4,4,4,4,4,4,4,4,4,4,4,4,4,4,4,4,4,4,4,4,4,4,4,4,4,4,4,4,4,4,4,4,4,4,4,4,4,4,4,4,4,4,4,4,4,4,4,4,4,4,4,4,4",
                        "startOffsets": "55,323,400,492,618,699,764,863,939,1000,1089,1156,1210,1278,1338,1392,1509,1569,1631,1685,1757,1879,1963,2055,2162,2240,2322,2410,2477,2543,2615,2692,2776,2848,2925,2999,3070,3158,3229,3322,3417,3491,3565,3661,3713,3780,3866,3954,4016,4080,4143,4253,4349,4448,4546",
                        "endLines": "7,8,9,10,11,12,13,14,15,16,17,18,19,20,21,22,23,24,25,26,27,28,29,30,31,32,33,34,35,36,37,38,39,40,41,42,43,44,45,46,47,48,49,50,51,52,53,54,55,56,57,58,59,60,61",
                        "endColumns": "12,76,91,125,80,64,98,75,60,88,66,53,67,59,53,116,59,61,53,71,121,83,91,106,77,81,87,66,65,71,76,83,71,76,73,70,87,70,92,94,73,73,95,51,66,85,87,61,63,62,109,95,98,97,78",
                        "endOffsets": "318,395,487,613,694,759,858,934,995,1084,1151,1205,1273,1333,1387,1504,1564,1626,1680,1752,1874,1958,2050,2157,2235,2317,2405,2472,2538,2610,2687,2771,2843,2920,2994,3065,3153,3224,3317,3412,3486,3560,3656,3708,3775,3861,3949,4011,4075,4138,4248,4344,4443,4541,4620"
                    },
                    "to": {
                        "startLines": "2,35,36,37,38,58,59,63,64,65,66,67,68,69,70,71,72,73,74,75,76,77,78,79,80,81,82,83,84,85,86,87,88,89,90,91,92,93,94,95,96,97,98,99,100,101,102,103,104,105,106,107,108,109,110",
                        "startColumns": "4,4,4,4,4,4,4,4,4,4,4,4,4,4,4,4,4,4,4,4,4,4,4,4,4,4,4,4,4,4,4,4,4,4,4,4,4,4,4,4,4,4,4,4,4,4,4,4,4,4,4,4,4,4,4",
                        "startOffsets": "105,3067,3144,3236,3362,5797,5862,6279,6355,6416,6505,6572,6626,6694,6754,6808,6925,6985,7047,7101,7173,7295,7379,7471,7578,7656,7738,7826,7893,7959,8031,8108,8192,8264,8341,8415,8486,8574,8645,8738,8833,8907,8981,9077,9129,9196,9282,9370,9432,9496,9559,9669,9765,9864,9962",
                        "endLines": "7,35,36,37,38,58,59,63,64,65,66,67,68,69,70,71,72,73,74,75,76,77,78,79,80,81,82,83,84,85,86,87,88,89,90,91,92,93,94,95,96,97,98,99,100,101,102,103,104,105,106,107,108,109,110",
                        "endColumns": "12,76,91,125,80,64,98,75,60,88,66,53,67,59,53,116,59,61,53,71,121,83,91,106,77,81,87,66,65,71,76,83,71,76,73,70,87,70,92,94,73,73,95,51,66,85,87,61,63,62,109,95,98,97,78",
                        "endOffsets": "368,3139,3231,3357,3438,5857,5956,6350,6411,6500,6567,6621,6689,6749,6803,6920,6980,7042,7096,7168,7290,7374,7466,7573,7651,7733,7821,7888,7954,8026,8103,8187,8259,8336,8410,8481,8569,8640,8733,8828,8902,8976,9072,9124,9191,9277,9365,9427,9491,9554,9664,9760,9859,9957,10036"
                    }
                },
                {
                    "source": "/Users/hrishikeshprateek/.gradle/caches/transforms-3/7dd72130baac917b63f1fe236247c70e/transformed/browser-1.4.0/res/values-cs/values-cs.xml",
                    "from": {
                        "startLines": "2,3,4,5",
                        "startColumns": "4,4,4,4",
                        "startOffsets": "55,157,260,374",
                        "endColumns": "101,102,113,100",
                        "endOffsets": "152,255,369,470"
                    },
                    "to": {
                        "startLines": "57,60,61,62",
                        "startColumns": "4,4,4,4",
                        "startOffsets": "5695,5961,6064,6178",
                        "endColumns": "101,102,113,100",
                        "endOffsets": "5792,6059,6173,6274"
                    }
                }
            ]
        }
    ]
}